<?xml version="1.0" encoding="UTF-8" standalone="yes"?>
<kml xmlns="http://www.opengis.net/kml/2.2" xmlns:ns2="http://www.google.com/kml/ext/2.2" xmlns:ns3="http://www.w3.org/2005/Atom" xmlns:ns4="urn:oasis:names:tc:ciq:xsdschema:xAL:2.0">
    <Document>
        <Schema name="Distritos_1" id="Distritos_1">
            <SimpleField type="string" name="id"/>
            <SimpleField type="string" name="objectid"/>
            <SimpleField type="string" name="shape_leng"/>
            <SimpleField type="string" name="shape_area"/>
            <SimpleField type="string" name="distrito"/>
            <SimpleField type="string" name="ejido2003"/>
            <SimpleField type="string" name="ejido2010"/>
            <SimpleField type="string" name="ejido2020"/>
            <SimpleField type="string" name="nam"/>
        </Schema>
        <Folder>
            <name>Distritos</name>
            <Placemark id="Distritos.1">
                <ExtendedData>
                    <SchemaData schemaUrl="#Distritos_1">
                        <SimpleData name="id">7</SimpleData>
                        <SimpleData name="objectid">9</SimpleData>
                        <SimpleData name="shape_leng">49156.351193</SimpleData>
                        <SimpleData name="shape_area">96142388.5547</SimpleData>
                        <SimpleData name="distrito">Dto 27 Pomancillo</SimpleData>
                        <SimpleData name="ejido2003">499487</SimpleData>
                        <SimpleData name="ejido2010">499487</SimpleData>
                        <SimpleData name="ejido2020">614117</SimpleData>
                        <SimpleData name="nam">Pomancillo</SimpleData>
                    </SchemaData>
                </ExtendedData>
                <Polygon>
                    <outerBoundaryIs>
                        <LinearRing>
                            <tessellate>1</tessellate>
                            <coordinates>-65.72679364449252,-28.233477508503388 -65.72672295324713,-28.233626255548387 -65.72649727636413,-28.233745443683244 -65.72613616909216,-28.233904230270127 -65.72546704808074,-28.2341259277938 -65.72497695806211,-28.234408356908542 -65.7245470942214,-28.23473564835442 -65.72431745525725,-28.23491654251404 -65.72401890185033,-28.23515048239452 -65.72358829077453,-28.235617425469993 -65.72319334133505,-28.23634509290199 -65.72281661426533,-28.236897388739866 -65.72283580416432,-28.237665236653537 -65.72314256886123,-28.23853833645621 -65.72332210374995,-28.23885774746502 -65.72350165531941,-28.239137258962618 -65.72372579031665,-28.23965613865547 -65.72394994284247,-28.240135148052484 -65.72412948285178,-28.240454528603244 -65.7243088340857,-28.24081380781971 -65.72430676235248,-28.241000933797313 -65.72427384204974,-28.24121086845945 -65.7243265091189,-28.24146361370061 -65.72449836673553,-28.24178850695831 -65.7244977535941,-28.242027142709812 -65.72447547972617,-28.24229437208292 -65.72431284419865,-28.242580409137567 -65.72415033058758,-28.24281871831284 -65.72398791453837,-28.243018846199877 -65.72398176006449,-28.24340172772685 -65.72416130555148,-28.243721108122454 -65.72425052220983,-28.2440802053936 -65.72411424235756,-28.244478717661323 -65.7239777561124,-28.244956998522948 -65.72375153845209,-28.245275588950225 -65.72361535797423,-28.245634230932225 -65.72356911262084,-28.246072794429526 -65.7236137130259,-28.24627229281908 -65.72379348312079,-28.2464720349834 -65.72397344372648,-28.246631936755183 -65.72415309710163,-28.24691144735944 -65.72381322109672,-28.247670429026265 -65.7238495537202,-28.248118028638057 -65.72423913621964,-28.248506768923573 -65.72423821290602,-28.2488656841151 -65.72414735040493,-28.24914467806594 -65.7241009002667,-28.24966301022877 -65.72400993413446,-28.249981844360544 -65.7239186747293,-28.250380446933274 -65.72378279647647,-28.25061945041477 -65.72369123428285,-28.251033407071414 -65.72360026573483,-28.251352240849954 -65.72387027775798,-28.251552194604162 -65.72409537924614,-28.251672288089853 -65.72427504127079,-28.251951798389488 -65.72373254761055,-28.25250902797393 -65.72335653269656,-28.252991440457023 -65.72372946373825,-28.25370538176122 -65.7240433674472,-28.254383979526096 -65.72399722242876,-28.254782672950107 -65.72381539826871,-28.255340600999723 -65.72331893021435,-28.255539004890522 -65.72246199635943,-28.25561700726837 -65.72210120668323,-28.255656173412707 -65.72174041682806,-28.25569530924354 -65.72156002996581,-28.255694941897477 -65.72119934352139,-28.255694206669205 -65.72079322685298,-28.255813016571395 -65.72043716091969,-28.256012191198842 -65.71999870180063,-28.25645798410968 -65.7199902913787,-28.25679131788065 -65.71980341987037,-28.257392004043073 -65.7193460690657,-28.25780978693856 -65.71898495725665,-28.25796855360773 -65.71826232853074,-28.258405751396047 -65.71767507131099,-28.258803325830943 -65.71740389583347,-28.259042043005167 -65.71731248069321,-28.259520409133998 -65.71731184940086,-28.25975968540321 -65.71726536115416,-28.260278014169856 -65.71762415324169,-28.26103645837687 -65.71748803701583,-28.261355194197314 -65.71753243979357,-28.261594563490814 -65.71775414768234,-28.262014212246278 -65.71775362234732,-28.262213618859 -65.71757248868664,-28.26249239192945 -65.71748180742931,-28.26269158282019 -65.71734579374755,-28.262970478190205 -65.71693924587443,-28.26370821799902 -65.71689431049448,-28.264480974954722 -65.71720779868349,-28.26527919576164 -65.71725186855058,-28.26567810214208 -65.71729530730751,-28.26631625516758 -65.71724881584436,-28.266834583410645 -65.71709048722832,-28.267976451519278 -65.71715789327281,-28.26809637200441 -65.71711171628125,-28.26849506207905 -65.71711076831176,-28.268853976001832 -65.71724500041422,-28.2692530394551 -65.71746990307048,-28.26949278189962 -65.71737891780025,-28.269771740719275 -65.71710771367668,-28.270010456718417 -65.71670143269878,-28.270169123319473 -65.71652089768509,-28.27024851774331 -65.71602309660908,-28.270885546759605 -65.71557166714256,-28.271083985854055 -65.7152100993914,-28.27136240896379 -65.714803704331,-28.271560939347243 -65.7145317458396,-28.27207879538907 -65.71416962073727,-28.272596462240088 -65.71370478591007,-28.273267020853403 -65.71343281771524,-28.273784874508472 -65.71329656567545,-28.274143504203867 -65.71334075064415,-28.27446261336577 -65.71311401104845,-28.274940691447963 -65.71270738449441,-28.27521898369475 -65.7124359419059,-28.275537458378608 -65.71225402144279,-28.27609536866315 -65.71189154969284,-28.27673266677288 -65.71161999342749,-28.277091009189668 -65.71161891931995,-28.277489791956384 -65.71157250245383,-28.27796824772062 -65.71184137780851,-28.278606876958122 -65.71147749772972,-28.27976262337562 -65.71120517926582,-28.280400109613158 -65.71084279425598,-28.280997505582516 -65.71047934708623,-28.28195384270835 -65.7102524706588,-28.282471784741308 -65.71016089468591,-28.282990013497415 -65.70984397022147,-28.28342802434348 -65.70952736789937,-28.28374636741852 -65.70921171765414,-28.283745695824198 -65.70889511243703,-28.28406406675709 -65.70844287511635,-28.28450175643963 -65.70812667891003,-28.284700488110364 -65.70731405526466,-28.28495749093397 -65.70686038783477,-28.285913594926647 -65.7066332667253,-28.286511298610716 -65.70667643082184,-28.287229220810122 -65.70654002934741,-28.287627712158013 -65.70662540340533,-28.288488145803974 -65.70626395028881,-28.288726616007278 -65.70585747258075,-28.288925148021136 -65.70531623210732,-28.288923981321897 -65.70472886889252,-28.289281627370507 -65.704140729997,-28.289918415148556 -65.70373225653547,-28.290834736089217 -65.70404625009661,-28.29147347726224 -65.70363843241493,-28.292150552183973 -65.7037713176703,-28.2930281770013 -65.70385973275079,-28.29366642893852 -65.70399438686916,-28.29390599709286 -65.70385708366818,-28.29462349867986 -65.70363025829236,-28.295101558976018 -65.70242649916196,-28.295921313105158 -65.70208802065105,-28.297265837514935 -65.7014984864412,-28.298381161892692 -65.70132543398793,-28.299164867711884 -65.70179956269267,-28.299961012028767 -65.70166257031967,-28.30055887335307 -65.70152591015301,-28.30103712659468 -65.70134442101913,-28.301435513184604 -65.70093799728474,-28.301594160463907 -65.70048598790251,-28.301912184657006 -65.70034920899751,-28.302430305854955 -65.70015465035644,-28.30298225287939 -65.70019794592243,-28.303435344834895 -65.70046429427592,-28.303810144629068 -65.70019584788623,-28.30418376993974 -65.69979547064584,-28.303926848155925 -65.69939709939713,-28.304143013390878 -65.69894732591887,-28.30441736893772 -65.69850093984536,-28.30467242524766 -65.69890065274883,-28.3051656955706 -65.69856568016112,-28.305420997711565 -65.69740801139868,-28.305654013101908 -65.69740598023591,-28.306371835754724 -65.6971254470518,-28.307019395936955 -65.69726726128168,-28.307567877285468 -65.69730436233716,-28.308279679834207 -65.69734735831234,-28.309037471518717 -65.69743518304807,-28.309875130787198 -65.69761419468267,-28.31039394805216 -65.69765809576462,-28.310832697577027 -65.69775735974646,-28.311072475188407 -65.69797246268199,-28.311125807504858 -65.69799623116438,-28.311178716326594 -65.69801990855397,-28.311263338530996 -65.69804358752195,-28.311347960734018 -65.69804337852821,-28.311421959153265 -65.69803129940308,-28.31146421696299 -65.69799524575622,-28.31152756514434 -65.69799512631283,-28.311569849408297 -65.69799497700662,-28.311622705311024 -65.69799479783953,-28.3116861320881 -65.69799458880908,-28.311760130503462 -65.69799449922498,-28.31179184389143 -65.6979943200563,-28.311855270666914 -65.69799411102404,-28.31192926908039 -65.69799399157822,-28.311971553341866 -65.69813725447644,-28.31205644079616 -65.69816099339846,-28.312119920458343 -65.69829232822185,-28.312194208905918 -65.69834010307402,-28.312215457133625 -65.69839986601295,-28.312226160891555 -65.69844770053606,-28.31222626656892 -65.69848360508739,-28.31221577417484 -65.69857933373422,-28.31219484294092 -65.69868669285285,-28.312290221476587 -65.69868642471003,-28.312385361638754 -65.69869820421586,-28.312448815572193 -65.69875784817822,-28.312501802671154 -65.69896114504871,-28.312502251154378 -65.69909268917824,-28.31250254118602 -65.69918847745426,-28.31246046777758 -65.69933204080999,-28.31243964141892 -65.69935595735052,-28.312439694095087 -65.6994275004689,-28.31251385051867 -65.69947503796436,-28.312619667641847 -65.69941488830571,-28.31274638954324 -65.69928272075221,-28.312972320689745 -65.69937078791553,-28.313730210588705 -65.69945964106073,-28.314208957176916 -65.69945818357034,-28.314727374317755 -65.69927621429983,-28.315285263296534 -65.69895892397054,-28.315802984148554 -65.69868666208714,-28.316360702416688 -65.69836959076888,-28.316798654031167 -65.69769196197508,-28.317116198457978 -65.69728456961322,-28.317593846182124 -65.69687683439282,-28.318191100160615 -65.6966041026995,-28.31890831999781 -65.69578076226203,-28.319178497756155 -65.69546446601812,-28.31933729941706 -65.69536229665101,-28.319623797020213 -65.69537993297952,-28.319696189925416 -65.69538798411884,-28.319784271694534 -65.69533803908244,-28.319981973801102 -65.6950939316081,-28.320271987764436 -65.6951380368108,-28.32111806065986 -65.69513738248702,-28.321347434197516 -65.6951040445147,-28.321662750334983 -65.69497380352612,-28.321834489781263 -65.69484298900811,-28.32220693167415 -65.69461526915936,-28.32243579726572 -65.69441990491487,-28.32269340601895 -65.69422462022243,-28.32292234355364 -65.69402933623293,-28.323151280798214 -65.69376859868497,-28.323580773175202 -65.69370273633389,-28.32392468771654 -65.69357240809335,-28.324125097405666 -65.69347443463802,-28.324354252261642 -65.69344109227856,-28.324669567812165 -65.69305108866914,-28.32492673711003 -65.69288848347438,-28.32506973055382 -65.69256310833018,-28.325413060180168 -65.69236831148994,-28.32546996490093 -65.69214066197064,-28.325670153728733 -65.69197830238842,-28.325727131059836 -65.69165383093213,-28.325755070146155 -65.69145870182135,-28.32592666020876 -65.6911342296351,-28.32595459805303 -65.69084219684972,-28.325982608619423 -65.69058252045889,-28.326039363776246 -65.69045218377465,-28.326239771121788 -65.690386641377,-28.326468996439502 -65.69045068858928,-28.326755860191643 -65.69070953681482,-28.326985821872892 -65.69077391712158,-28.327157998075553 -65.69083838059612,-28.32730150335432 -65.69057795367263,-28.327616303350503 -65.69018784928497,-28.32790213586746 -65.68967395079918,-28.32842055990753 -65.68907060368663,-28.329304174553975 -65.68842288208097,-28.32980381793472 -65.68789988862375,-28.330502810760276 -65.70792221515119,-28.333999543153958 -65.70999303034928,-28.334561839091425 -65.71219852884738,-28.335184528524692 -65.71336595492244,-28.335489739752834 -65.71361895666682,-28.335482831048623 -65.71389760825697,-28.335390473033023 -65.71420217975127,-28.33520701217563 -65.71467752070639,-28.33504181455742 -65.71495486612712,-28.335002897284216 -65.71550147911377,-28.33458390457041 -65.71615838589223,-28.33443507680323 -65.71616610398279,-28.334442128757672 -65.71663945486422,-28.334869846751477 -65.71671491587486,-28.33493302181845 -65.71676348691348,-28.33496754994911 -65.71681556482318,-28.33499781343947 -65.7168706729641,-28.33502353530315 -65.71698583980222,-28.335068307735405 -65.71710326469545,-28.33510822549525 -65.71722268640264,-28.335143199774738 -65.71732671582852,-28.335168280796104 -65.71743225928529,-28.33518779147697 -65.71753893612289,-28.33520166145048 -65.71764636160303,-28.3352098406933 -65.71775414828701,-28.335212299706317 -65.71783981532658,-28.335209100411728 -65.7179249619231,-28.335200165744574 -65.71800909828394,-28.335185547100156 -65.71809174042832,-28.335165328569648 -65.71817241297124,-28.335139626456943 -65.71826526027576,-28.335104171056987 -65.71835608850083,-28.335064834034117 -65.71844469049597,-28.33502170510455 -65.71851513310364,-28.334987924390113 -65.71858774973074,-28.334957963416 -65.71866227609915,-28.334931931220357 -65.71890121711485,-28.334957267670937 -65.71923384853801,-28.33513728421761 -65.71997869948665,-28.336103589882754 -65.71998272537896,-28.336135280362964 -65.71998870125677,-28.336212422312347 -65.71998897518976,-28.33624892798966 -65.719983149902,-28.33631941802697 -65.7199781243387,-28.336344494500967 -65.71997098001039,-28.33638576483318 -65.71994603521928,-28.33644869091406 -65.71993058459455,-28.33649309134863 -65.7199077728116,-28.336539012607304 -65.71987280276718,-28.33659855585237 -65.71985570460747,-28.336632388571445 -65.71981626589046,-28.33668538096838 -65.71979289450265,-28.336711015659418 -65.71975646253787,-28.33674944873289 -65.71970966256183,-28.336803961914942 -65.71966950710043,-28.33684558824085 -65.7196285064504,-28.336883147134913 -65.71956795770787,-28.336937470699453 -65.71951958152144,-28.33697736132326 -65.71946193953583,-28.33702280223521 -65.71943475882858,-28.337056495870005 -65.71941407985837,-28.337085412235897 -65.7193951911758,-28.33711678674599 -65.72263806929676,-28.337107930392992 -65.72306327605,-28.337118650011853 -65.77506360118487,-28.33850183525934 -65.77542685123115,-28.338184719628266 -65.77533327391419,-28.33667411132716 -65.77572228757977,-28.335734283360253 -65.7759139224154,-28.334129351087476 -65.77599724226444,-28.33284644385775 -65.7764021673599,-28.331991745186826 -65.77680693700613,-28.331208326135688 -65.77734501332516,-28.33116009568152 -65.77793406978599,-28.331994246952224 -65.7781743221253,-28.33277872060606 -65.77833291373283,-28.334062022519156 -65.77899856368491,-28.33365709560804 -65.77924132982417,-28.3332298072102 -65.77980704331279,-28.332589198595915 -65.78029197797372,-28.33201973871151 -65.78093669792989,-28.33216333544911 -65.7811788709669,-28.332021163918828 -65.781824465657,-28.33173707633085 -65.78222803219748,-28.33152388081893 -65.78263217941291,-28.331025563575746 -65.78279444339913,-28.330526860263785 -65.78279545788013,-28.330027900135452 -65.78263580522365,-28.32924356260671 -65.78231490502954,-28.328458968822808 -65.78255779105598,-28.327960394183282 -65.78312316724956,-28.327462330832027 -65.78344551522602,-28.327534124024062 -65.78417098082973,-28.327606553483832 -65.78457395218774,-28.327678470356517 -65.78481654090277,-28.32732245136555 -65.78481855068165,-28.326324530470057 -65.78498108618606,-28.325683264299663 -65.78498122962519,-28.3256119843868 -65.78538462354337,-28.325470057954227 -65.78554744043204,-28.32468623115412 -65.7855485848648,-28.324115989427536 -65.7856306343587,-28.32340331558446 -65.78627659280507,-28.322905366387708 -65.7871634104947,-28.32290675228867 -65.78764769525897,-28.322622384834137 -65.78797172887244,-28.32183880548344 -65.78829618130254,-28.320841384166602 -65.78894225049653,-28.32027214087702 -65.78934407566253,-28.320914285792586 -65.7899082619245,-28.32098643563822 -65.79015235713315,-28.31984632441391 -65.78991204512218,-28.319061871191057 -65.78951050628962,-28.31827716777532 -65.78886571737816,-28.318204891652503 -65.78870518961526,-28.31784824095026 -65.78846574113463,-28.316636103758867 -65.78846729278443,-28.3158520211599 -65.78878584709649,-28.31431964542943 -65.78911642429075,-28.313714613111475 -65.78960010094157,-28.313715359484316 -65.79026246097543,-28.314101522386572 -65.79121207815025,-28.313860395147632 -65.79161625311686,-28.313290769351248 -65.79161736463223,-28.312720527597403 -65.7920213965535,-28.31222217941173 -65.79266725750983,-28.3117241986362 -65.79299066878282,-28.31122572615562 -65.79299204888864,-28.310512923965184 -65.79404094395953,-28.31001554706603 -65.79420353594207,-28.30930298668153 -65.79415322531112,-28.307960487608838 -65.79416715186342,-28.307423752088955 -65.79437660091675,-28.306963211243264 -65.79469033699489,-28.306502830721058 -65.79536562500486,-28.306251577077024 -65.79609122661334,-28.30618138235311 -65.79615209874163,-28.305560272193876 -65.79615280150274,-28.305191594052367 -65.79641660106955,-28.304896811152492 -65.7968090650402,-28.30403337902167 -65.79680960674438,-28.303748257096125 -65.79664907379994,-28.303391616104253 -65.79656901004203,-28.303106374080805 -65.79697244111588,-28.302893133355525 -65.79737559838647,-28.30282245068786 -65.79753734733121,-28.30253756899042 -65.79761889480558,-28.30203872583716 -65.79743812447211,-28.30122328863504 -65.79781950345163,-28.301055439714812 -65.79813748973466,-28.300831361773646 -65.79834769167819,-28.30025778882607 -65.79875124045188,-28.299973261287594 -65.79979974063781,-28.299618400363645 -65.79980040767695,-28.299261997945738 -65.80012428049483,-28.298478385089616 -65.80077028393923,-28.297837803809408 -65.80117434918517,-28.297268147810897 -65.8022224174229,-28.29712710883144 -65.80246527243891,-28.296557214189235 -65.80254679221187,-28.296058367516796 -65.80270877997944,-28.295630917530254 -65.80246829947602,-28.29491776375032 -65.80230841922913,-28.29420472503592 -65.80239687565586,-28.293456246959963 -65.80283221280104,-28.292766228776458 -65.803440195744,-28.29235306053518 -65.80357173022105,-28.29188480380804 -65.8040503125419,-28.291271584042757 -65.80424636918863,-28.290868988045467 -65.80408901542684,-28.29014429131984 -65.80360544492031,-28.29014359681427 -65.8032834598172,-28.28992929061224 -65.80280067843432,-28.289500911049522 -65.80272100262209,-28.28900182975022 -65.802802780033,-28.288360421578005 -65.80417339428625,-28.288077271275032 -65.8049803687502,-28.287508178924796 -65.80530403791145,-28.28679583362744 -65.80530572360168,-28.285869185942904 -65.80514648639561,-28.28479974743961 -65.80522837350013,-28.284087055743168 -65.80579276694253,-28.283945298092632 -65.80611487041799,-28.284088316915806 -65.80635702783123,-28.283874818541587 -65.80643813274831,-28.283589809828854 -65.80644687849117,-28.282321421742843 -65.80670137198418,-28.28157631328569 -65.80675898058297,-28.280952221685784 -65.80704315165131,-28.27997891076581 -65.8073396446741,-28.278829923221746 -65.80734118391794,-28.277974554854858 -65.80629511536102,-28.27711770504023 -65.80653828692445,-28.27633395958328 -65.80726457676984,-28.275764739279158 -65.8073056479091,-28.275442445817948 -65.80738562907074,-28.275309264027598 -65.80773574433708,-28.27527107031823 -65.80788193428366,-28.275168790900835 -65.80792259879244,-28.274849671846333 -65.80784419079055,-28.27363778571542 -65.80816830918486,-28.272640308466645 -65.80813649456543,-28.27167330471408 -65.80805781337874,-28.269975346553103 -65.80851067480434,-28.268061381163726 -65.80887993070905,-28.267194910195204 -65.8094643239268,-28.26705854454502 -65.8098564713026,-28.26710984301649 -65.81009590690307,-28.266966376026023 -65.81041766792728,-28.26678594948386 -65.81069041392188,-28.266683395599163 -65.81105760302428,-28.26649284273525 -65.81132673497075,-28.266165306564215 -65.81146804944885,-28.265803667171003 -65.81144316765628,-28.265407875815608 -65.81146958179801,-28.2649330076128 -65.81200211181078,-28.26479901622616 -65.81248729087602,-28.264456739081165 -65.81277878682941,-28.264028459611133 -65.81277991058695,-28.263385441830497 -65.81292595622989,-28.262999829746146 -65.81345076893476,-28.262630913099475 -65.81342035989883,-28.261989752485658 -65.8132737442686,-28.260885976324353 -65.81324967307759,-28.260854288887526 -65.81314203918744,-28.260672158884248 -65.8129062023651,-28.260317428554462 -65.8125304191755,-28.259974175199375 -65.81226293888675,-28.25984522079609 -65.8120058399009,-28.259716096567747 -65.81184535007272,-28.25948885603595 -65.81189852389969,-28.259299505334408 -65.81199621130122,-28.259003693954 -65.81211551977015,-28.258748904268092 -65.81225568436112,-28.258498371423173 -65.8123356688381,-28.25834995761283 -65.81256187866572,-28.257612825139187 -65.81233108053546,-28.257091683614068 -65.81221891799268,-28.25636935500347 -65.8121293719061,-28.255687174741624 -65.8119943862072,-28.255045056922054 -65.81181388282232,-28.254483114932704 -65.81172405888614,-28.253961418844177 -65.81190653254885,-28.253399980184327 -65.81213429507444,-28.25287872091927 -65.81257071638184,-28.252559775870974 -65.8125711897665,-28.25228907669751 -65.81247023384219,-28.25174753856055 -65.81176028008649,-28.25190492721093 -65.81134581962651,-28.252196710230653 -65.81093747249025,-28.252782610676118 -65.81082968966925,-28.25234304020962 -65.81066220799408,-28.252028566218705 -65.81043234010797,-28.25165449439594 -65.81033123590605,-28.251203187746842 -65.81023061180419,-28.25048118178868 -65.81023141055597,-28.25003001641723 -65.81033410988839,-28.249578992432188 -65.8103347485187,-28.24921806008756 -65.81023364696298,-28.248766753218508 -65.80992842746954,-28.248495629245962 -65.8093173510945,-28.24831431163677 -65.80840057915952,-28.248132563204614 -65.8076876084405,-28.247951095473667 -65.80707653901639,-28.247769767867492 -65.80666926904443,-28.247588725888697 -65.8061596124661,-28.247678237522837 -65.80605689745997,-28.248129258420096 -65.80605591794841,-28.24867065688026 -65.80605493840977,-28.2492120552975 -65.80564684670702,-28.24948217561088 -65.80503544384482,-28.249481305013376 -65.80442404100992,-28.249480431681533 -65.80391453866838,-28.24947970181616 -65.80350726761812,-28.249298650456886 -65.8031506147511,-28.249226442870988 -65.80338039784439,-28.248620146060876 -65.80349732705585,-28.24720484130891 -65.80315544180966,-28.24659771542347 -65.80247020685847,-28.24619231074782 -65.80144160804505,-28.245988609369576 -65.80018435017134,-28.245784566259072 -65.79881259039882,-28.245681448828552 -65.79789793932832,-28.245680099802804 -65.79778438501033,-28.24527550918269 -65.79721406891785,-28.244566931050652 -65.79721483383624,-28.24416250941632 -65.79710107808194,-28.24385902355558 -65.79664396637956,-28.243757238730538 -65.79584348289819,-28.243857151476718 -65.79527183580407,-28.243856296688378 -65.79504337024596,-28.24375484870067 -65.79441852521687,-28.243385109238325 -65.79390146615584,-28.243045398661184 -65.79355886986586,-28.242842670403824 -65.7928733048209,-28.242639422154024 -65.79195889046784,-28.242536928150862 -65.79161590651569,-28.242536405842024 -65.79104467493521,-28.242333322641333 -65.789901609732,-28.242230465262143 -65.78875834760102,-28.242228703723725 -65.78830103707534,-28.242227996422887 -65.78783389983509,-28.242074902187234 -65.78704366251579,-28.242124944510287 -65.78629193959303,-28.241983736536724 -65.7855887764891,-28.24239026454181 -65.78516019973625,-28.24268075524513 -65.78475511141383,-28.243132411247675 -65.78471585505787,-28.243138133803157 -65.78448731466544,-28.24336187238973 -65.78421987510917,-28.24349272014486 -65.78399717303205,-28.243518623929926 -65.78372993600927,-28.243544456913334 -65.78346260112468,-28.243622796281535 -65.78316567934405,-28.243648577328667 -65.78282412447578,-28.243726797716015 -65.7825123334244,-28.243765683348215 -65.78221549932414,-28.243752085034984 -65.7819334725054,-28.243751635506285 -65.78162181475956,-28.243724882635277 -65.78131016547215,-28.24369813288244 -65.78117678341889,-28.243592901541057 -65.78111752187984,-28.243540299622826 -65.78098412170597,-28.2434481938747 -65.78085066808981,-28.24338234716203 -65.78076166055244,-28.2433559490296 -65.78064296876833,-28.243329503217854 -65.78028699305374,-28.243197662080334 -65.7800053261823,-28.243026554539064 -65.77981276659524,-28.2428293383235 -65.77957560061405,-28.24267143117914 -65.77951650233084,-28.242540066326647 -65.77933881354258,-28.242329743789252 -65.7792851686122,-28.242212591577808 -65.77899643055419,-28.242000879867817 -65.77877208606546,-28.241929274163223 -65.77853560466146,-28.24183957522999 -65.77824386901656,-28.241621914403183 -65.77776953226416,-28.24157517369153 -65.77718193483892,-28.24153782563921 -65.77670960606385,-28.241466318983193 -65.77635860831141,-28.241170216533142 -65.7760529489123,-28.24077743497311 -65.77564473727286,-28.240261979514873 -65.77538831141983,-28.240071446858767 -65.77517977618949,-28.240099672044533 -65.77492121919595,-28.240282353739698 -65.77479854847353,-28.24052345480544 -65.77487437683327,-28.240860143444543 -65.7751413445537,-28.241383214574736 -65.77512394627004,-28.241597822169833 -65.77482335175101,-28.241952061620793 -65.77463007863051,-28.242138893512134 -65.77419823340601,-28.24249308346956 -65.77377312113784,-28.242648579516114 -65.77349795266583,-28.242689158659296 -65.77308421724479,-28.242704332502 -65.77247064256973,-28.2426404223861 -65.77194962431045,-28.242706846574734 -65.77170578317451,-28.242707931404176 -65.77128535278774,-28.24280564083289 -65.77100281824109,-28.2429370104242 -65.77085282440792,-28.24316807394916 -65.77093801485265,-28.243389206925826 -65.77111241405535,-28.243781948176427 -65.77122223941365,-28.244046131233418 -65.77129605015716,-28.244407583994683 -65.77133585491426,-28.24484154392306 -65.77122776264405,-28.245249503683993 -65.77102706706562,-28.24564327645421 -65.77076380291872,-28.24588372860395 -65.77058921641738,-28.245955590507617 -65.77052392531753,-28.245951437401473 -65.77029949427002,-28.245713150282118 -65.7700057562296,-28.245520234399773 -65.76991386980198,-28.245381641796712 -65.76954747695589,-28.24527536666968 -65.76926899953888,-28.245241057015143 -65.76880129962166,-28.245227895153874 -65.76831159678727,-28.245254814977923 -65.76790119959236,-28.245228702441107 -65.76748410481504,-28.245285129667835 -65.76693240985965,-28.245382770659596 -65.76614944045708,-28.2456731087531 -65.7656769460781,-28.245950016468203 -65.76539640660957,-28.246056612057597 -65.76515121795828,-28.246074193194655 -65.76505794528278,-28.24606825647376 -65.76480152460056,-28.245877703935502 -65.76464172714121,-28.245651817675927 -65.7646298255638,-28.245451938601832 -65.76463786555121,-28.24535288972495 -65.76479524565399,-28.245031038317858 -65.764851313582,-28.244802298976616 -65.76470888480898,-28.244477957349027 -65.76438656186686,-28.244175351498995 -65.76394566907491,-28.24383200990496 -65.76382162429306,-28.2438171099401 -65.76360175848585,-28.243744547587912 -65.76321139461103,-28.24374701143744 -65.76282630201712,-28.243762010236523 -65.76245721984854,-28.243770783751632 -65.76187578013183,-28.24382767101139 -65.76150717268568,-28.24378969583879 -65.76105289115297,-28.24384377662473 -65.76068606348468,-28.243951200687977 -65.76041658226029,-28.24424250598233 -65.76000085773944,-28.244360649063058 -65.75965851938363,-28.24444650020739 -65.75918244894655,-28.244229531213815 -65.75893864579173,-28.243969744026245 -65.75897588169497,-28.243710452122432 -65.75934152460232,-28.243381198904803 -65.75940430746513,-28.24306992124494 -65.75940900016461,-28.24301214285496 -65.75933639567474,-28.242982628168818 -65.75914772786301,-28.243227810414393 -65.75910572692113,-28.243283212469454 -65.75896710422955,-28.243373944061766 -65.7588285401773,-28.243348524451626 -65.75852879499807,-28.243229870333103 -65.75839358355508,-28.243163180122735 -65.75818839042502,-28.24315010916102 -65.75802989191277,-28.243023857823854 -65.75782207701316,-28.24292765163391 -65.75765553302709,-28.242900448555563 -65.75751764043208,-28.242866773636443 -65.75750642293373,-28.242658639960023 -65.75762309990169,-28.2424918410085 -65.75786431870831,-28.242407646841695 -65.75796825552663,-28.24239767440972 -65.7581162048703,-28.242307538192186 -65.75815686497458,-28.242268644627075 -65.75832810135702,-28.242238068735947 -65.75839003703852,-28.24228349801072 -65.75858333889947,-28.242096689055398 -65.75865130855455,-28.242067831647258 -65.75886588588634,-28.24196534538623 -65.75919914732259,-28.241671296010967 -65.7593898233808,-28.241401351417178 -65.75943785676611,-28.241271662856192 -65.75940725310477,-28.2411867460064 -65.75938530612662,-28.241110677218003 -65.75946668261899,-28.240916738407847 -65.75962066151718,-28.240752313877532 -65.75970471868814,-28.240525358702303 -65.7596521680042,-28.24036437314889 -65.75987277395407,-28.240187598616295 -65.75990410569108,-28.240148110471203 -65.75995548950615,-28.239977151262085 -65.75990494966766,-28.239791403790562 -65.75971249889265,-28.239621508032457 -65.75918434835172,-28.239314074931666 -65.75892326148026,-28.23918128975725 -65.75878939567652,-28.239098091937013 -65.75862486865188,-28.23904612763897 -65.75842638736452,-28.238950516457518 -65.75823394076805,-28.238780618860126 -65.75817139622586,-28.238627292796515 -65.75822613426799,-28.238415064030796 -65.75846282838566,-28.238040194324928 -65.75875743201284,-28.237760277519563 -65.75908397718179,-28.23754876902832 -65.7591686445277,-28.23742971077668 -65.75913603104783,-28.237369556042033 -65.75892079314262,-28.23748029709086 -65.75854755625916,-28.23780498556054 -65.75810500858792,-28.23817503836549 -65.75803033633834,-28.238286436085314 -65.7579769388959,-28.238482156791544 -65.75786697163002,-28.23856641561271 -65.75780436781594,-28.238529240298917 -65.75771317362234,-28.238382385495992 -65.75759674290805,-28.238084581039384 -65.75758485484144,-28.237884701412046 -65.75755693590051,-28.237766767963915 -65.75769171036077,-28.23737710953127 -65.75777107562307,-28.237207933600907 -65.75775254289982,-28.236974443614837 -65.75784927959047,-28.236706813223183 -65.75797716732288,-28.236748147617146 -65.7581870415746,-28.236703440455017 -65.75839356322327,-28.236700003145625 -65.7588412310618,-28.236728520433967 -65.75901111762668,-28.23671445203892 -65.75949609119236,-28.23674534350056 -65.75972657018676,-28.236793210769754 -65.7598264795294,-28.236832761336082 -65.7601121322575,-28.237124748027373 -65.76031396307265,-28.237179086529842 -65.76050976141673,-28.237307711208995 -65.76077218622491,-28.23742398514138 -65.76097870954767,-28.2374205439576 -65.76108800297648,-28.237344536824853 -65.76114993738324,-28.237389964676034 -65.76122790025606,-28.23735344588521 -65.76099814603906,-28.237181176167724 -65.76027554644988,-28.236728614983633 -65.75988596346036,-28.23644660263457 -65.75938775952012,-28.236232341048765 -65.7588342696213,-28.236006259081282 -65.75845390054772,-28.235957138444828 -65.7583233318908,-28.235948820700536 -65.75792150883572,-28.236163828422544 -65.75752297640366,-28.236453715505114 -65.75745299820525,-28.236507334565736 -65.75740161245294,-28.236678292928374 -65.75721898604108,-28.236849186431236 -65.75709896171523,-28.23705725534874 -65.75702544769536,-28.237500596900176 -65.75705671862265,-28.237577260301357 -65.75702989738492,-28.237907422192293 -65.75700642867096,-28.23819631369275 -65.75702965369963,-28.23837202560594 -65.75711717528068,-28.23855403833423 -65.75727236786237,-28.238648416617014 -65.75749369214964,-28.238965689869126 -65.75767043012992,-28.239071380409698 -65.75775854451281,-28.239231065181304 -65.75788226073912,-28.239229006557625 -65.75797716741883,-28.239374213883327 -65.7579715445393,-28.239443436187386 -65.75791516537821,-28.239653556352806 -65.75783683968092,-28.239857308529867 -65.75764218765342,-28.240126567970844 -65.7574841547985,-28.240247652822998 -65.75743387157263,-28.240286179794058 -65.75714995395077,-28.240381359902823 -65.75692302132146,-28.240438439656785 -65.75677365974931,-28.240452769250833 -65.75668176552222,-28.24042306847608 -65.75560675114465,-28.23982659114956 -65.75548213019275,-28.239697388170043 -65.75526769596698,-28.23953526515778 -65.75509806149812,-28.23939759370248 -65.75482958993119,-28.23922690655638 -65.75461429678286,-28.23912871736925 -65.7542997363543,-28.2390294794051 -65.75404845443914,-28.23892291620587 -65.75363430463459,-28.238846603588467 -65.75316493242394,-28.238849635931253 -65.7525507400912,-28.23888310725392 -65.75190893539396,-28.238956248660745 -65.75136779950292,-28.238926543613207 -65.7508514712622,-28.239064951936893 -65.75045191858048,-28.23924456001148 -65.74984404852525,-28.23947791097674 -65.749416771527,-28.239705180255832 -65.74914387971069,-28.239862147797556 -65.74665134959339,-28.24143160164762 -65.74637240114721,-28.241578920875735 -65.74610164423257,-28.241627696499666 -65.74587068739594,-28.241676546222372 -65.74552832310265,-28.241711108693746 -65.7452497403584,-28.241703549820233 -65.74489968340757,-28.241625459245032 -65.74336644980444,-28.240600085689675 -65.74271645309445,-28.239945734310332 -65.74226935744548,-28.239637239624596 -65.74180454137546,-28.23930457568151 -65.74132135378174,-28.238995693335188 -65.7408015286586,-28.23872638365905 -65.74034422400504,-28.238505696714906 -65.73985223740806,-28.238180729278753 -65.73939395840185,-28.238031965711624 -65.7390168986195,-28.237884067552546 -65.73849501742035,-28.237766594050896 -65.738342041204,-28.237732988527867 -65.73546203885061,-28.237134700009783 -65.73027190746134,-28.235192718563624 -65.7299142316357,-28.23494908724157 -65.72952850041791,-28.234777090604684 -65.72883979018027,-28.234322081448262 -65.7282736948021,-28.23414014947023 -65.7278244732817,-28.23399144429979 -65.72717571918075,-28.23364348917882 -65.72700885222027,-28.233504033313924 -65.7268787626432,-28.233307142816965 -65.72679364449252,-28.233477508503388</coordinates>
                        </LinearRing>
                    </outerBoundaryIs>
                </Polygon>
            </Placemark>
            <Placemark id="Distritos.2">
                <ExtendedData>
                    <SchemaData schemaUrl="#Distritos_1">
                        <SimpleData name="id">1</SimpleData>
                        <SimpleData name="objectid">1</SimpleData>
                        <SimpleData name="shape_leng">19340.9125813</SimpleData>
                        <SimpleData name="shape_area">20265479.8418</SimpleData>
                        <SimpleData name="distrito">Dto 21 San Antonio</SimpleData>
                        <SimpleData name="ejido2003">891771</SimpleData>
                        <SimpleData name="ejido2010">1046149</SimpleData>
                        <SimpleData name="ejido2020">1437126</SimpleData>
                        <SimpleData name="nam">San Antonio</SimpleData>
                    </SchemaData>
                </ExtendedData>
                <Polygon>
                    <outerBoundaryIs>
                        <LinearRing>
                            <tessellate>1</tessellate>
                            <coordinates>-65.6629622490428,-28.39551361203041 -65.66299251569421,-28.39553519595094 -65.66316307941727,-28.395617038899697 -65.66337871585075,-28.39570738032346 -65.66363027304203,-28.395814110146826 -65.6638730226201,-28.395904755019878 -65.66411531403108,-28.39602736565318 -65.66425853774754,-28.39612488619692 -65.66438368677572,-28.396222203871496 -65.66448172358085,-28.396319217372664 -65.66475890603644,-28.396530139304634 -65.66491048100585,-28.39667570978935 -65.66524852215578,-28.397055162501417 -65.66530022714038,-28.39723158436821 -65.66539608920891,-28.39748043661952 -65.66543932978723,-28.397616799393827 -65.66548062317645,-28.397889018459775 -65.6654504174838,-28.39810448636605 -65.6653560316196,-28.39838317756516 -65.66526210351424,-28.398629902498605 -65.66513236788569,-28.398852247472092 -65.66496682460148,-28.399050212384616 -65.66482931068744,-28.39918454872761 -65.66458139506774,-28.39945352503155 -65.66436928538147,-28.39974688095348 -65.66310956727627,-28.400603965040265 -65.66281794644996,-28.40076854074344 -65.66254451524388,-28.400925327243748 -65.66233411884862,-28.40109880677511 -65.66214260119638,-28.4012165482282 -65.66182294485893,-28.401444749523673 -65.66156689723088,-28.40164968631018 -65.66130100659272,-28.401910461787924 -65.66109929954553,-28.402108015530235 -65.66089586825697,-28.402425441991674 -65.66082195561629,-28.40253651069516 -65.6607728586767,-28.402807714865162 -65.6607252553574,-28.40297502905875 -65.66066574086994,-28.403342029967728 -65.66067922030486,-28.403661894537116 -65.66075585179158,-28.40399046188385 -65.66075401317819,-28.40411832641381 -65.66080479472042,-28.404358682032484 -65.66080376052787,-28.404430605827596 -65.66087296341365,-28.404647190020814 -65.6608638103229,-28.4046550799539 -65.66223565239962,-28.40732411119635 -65.66256694504933,-28.40817507050207 -65.6626295257738,-28.408223730098335 -65.6627633815817,-28.408345125274703 -65.66286211651904,-28.40839419066526 -65.66293281795146,-28.40850688384105 -65.66300340477933,-28.408627568510596 -65.66300248675225,-28.408691500758735 -65.66318256894245,-28.408741479040827 -65.66447798725554,-28.41107392974344 -65.66460040258656,-28.411363043880765 -65.66465257172553,-28.411507499552744 -65.66478402681591,-28.41179671486795 -65.66490793380997,-28.411981938825594 -65.6648971757328,-28.41210171043603 -65.6648314968886,-28.412268823180156 -65.66474590605524,-28.41256359765778 -65.66475813769125,-28.412971368319173 -65.66471819921505,-28.413234683359477 -65.66464370971721,-28.413385711570687 -65.66466704347584,-28.41364973604889 -65.6646353409934,-28.41396909307894 -65.66454070919337,-28.414263765981353 -65.66454002130149,-28.414311715141242 -65.66446426957972,-28.41455065001159 -65.66440239111414,-28.417603209579543 -65.66453664503571,-28.42021836301299 -65.66458744241851,-28.42045871679151 -65.66465700704401,-28.420651324149027 -65.66484991598243,-28.421069112915497 -65.66491982537147,-28.421237745572125 -65.66497245815874,-28.421350234881412 -65.66499762831569,-28.421486394716627 -65.66526400341641,-28.42182507836533 -65.66532613492886,-28.42190570277843 -65.66537922687107,-28.42198622585096 -65.66543220429675,-28.422074740421294 -65.66635538019455,-28.4232680181775 -65.66795908602694,-28.424924494800454 -65.66799318632751,-28.42506874671171 -65.66812443808367,-28.425373941481354 -65.66825706327697,-28.42558323789253 -65.66831897046286,-28.42567984397032 -65.66854920651154,-28.42601811667539 -65.66861969677443,-28.426146789793563 -65.66875198082867,-28.426380060270514 -65.66887499670315,-28.42662921256947 -65.66887351019749,-28.426733102308376 -65.66885428656921,-28.426812815322215 -65.66886344099666,-28.42680492488873 -65.6689326743826,-28.42702150453619 -65.66895716483099,-28.427205612687256 -65.66909746207222,-28.42751090754672 -65.66911405605899,-28.427614999414256 -65.66913030708922,-28.427743065831006 -65.66913808963172,-28.427831073590127 -65.6691786030991,-28.428159231125512 -65.66909015267998,-28.428653795554467 -65.66909737143862,-28.429413191708527 -65.66916937547575,-28.431332266923018 -65.66917452862245,-28.431604079437673 -65.66924296536247,-28.431876599395423 -65.66945467923333,-28.432246634320734 -65.66973791911204,-28.432673417759066 -65.66995936254237,-28.43299560384032 -65.67011638020736,-28.43339699765547 -65.67095913861465,-28.43453339380706 -65.67196901149566,-28.435999353601517 -65.67228911961183,-28.436378586127546 -65.67257409306767,-28.436685490916055 -65.67279646593282,-28.436943740238295 -65.67304550657212,-28.437234257688807 -65.67331308669706,-28.437493010228074 -65.6732853935355,-28.437532665396553 -65.67337420711314,-28.437645554517395 -65.67369147501766,-28.438224571526707 -65.67380650081816,-28.438401694768572 -65.67382196103512,-28.438585701063708 -65.67392680643815,-28.43884263854922 -65.67398222919029,-28.439394758099283 -65.67396954042673,-28.439650385686658 -65.67392171272098,-28.439833686645564 -65.6738545484551,-28.440104692666832 -65.67370487258212,-28.44045470680801 -65.67364766073979,-28.440661881396156 -65.67353072785166,-28.441252043653485 -65.67353041917347,-28.44190744805968 -65.67346704852908,-28.442546163877694 -65.67351650791655,-28.44288241186556 -65.67350153693364,-28.443297869378082 -65.67350784171116,-28.443489766295272 -65.67350578916897,-28.443633613388936 -65.67358511038447,-28.443778367546795 -65.67368274293356,-28.443907340200674 -65.67379743273966,-28.444108437867502 -65.67393089012494,-28.444261787926763 -65.67413645260233,-28.444431926855106 -65.6743689126062,-28.444618350680372 -65.67452938234524,-28.444779993849185 -65.6748246794933,-28.44499908794909 -65.67527368599092,-28.445219892911336 -65.67545281078922,-28.445341778808697 -65.67580281696327,-28.44552950872009 -65.67601719890196,-28.445715728469043 -65.67629532889339,-28.445870686098022 -65.67653797563825,-28.445977291774227 -65.67676242562129,-28.446091687382108 -65.6769690201564,-28.446189898489965 -65.6772850260735,-28.446225383731633 -65.67756452402963,-28.446284440689983 -65.67774479043524,-28.446326408508625 -65.67805198266608,-28.44634580844933 -65.67830446977334,-28.446396570918907 -65.678683769127,-28.44643275620142 -65.67895411303867,-28.44649970137816 -65.67909844051233,-28.446525282674656 -65.67930492448069,-28.446631481764197 -65.67966398358028,-28.446819302203487 -65.67986063197124,-28.44698134064488 -65.6801014682238,-28.44721580416425 -65.68022566971055,-28.44738503075409 -65.68047589008923,-28.447595619423616 -65.68066486127235,-28.44766165825216 -65.68093475567109,-28.447760565560547 -65.68122341510333,-28.44781172382543 -65.68165663163504,-28.44787247705439 -65.68205311410931,-28.447972785583165 -65.68227011971872,-28.447975190758545 -65.68268525373493,-28.448035740303443 -65.68291084807815,-28.44807021069201 -65.68334474647577,-28.448083009478715 -65.68385052725544,-28.448128573788903 -65.68415840537406,-28.44810001090132 -65.6842769693233,-28.448029388291715 -65.6845276258988,-28.447457125321254 -65.68483318824315,-28.446679345071757 -65.68522208098464,-28.44587378541686 -65.68530540619071,-28.445818233882072 -65.68558318806963,-28.445762680538962 -65.68563804891878,-28.445744214216006 -65.68567063888256,-28.445596489831704 -65.68573297141656,-28.445450170381417 -65.68575322754323,-28.44529939477372 -65.68578364607691,-28.445079120192695 -65.6858014580479,-28.444913031826086 -65.68581662058358,-28.44480814730532 -65.68588143384413,-28.444657465302036 -65.68595366020493,-28.44451117777659 -65.685961402799,-28.444404082799174 -65.68598654801372,-28.44429744267496 -65.68597223791869,-28.444113798164878 -65.68607169356356,-28.443969757483185 -65.68616657192838,-28.443696733923737 -65.68623886176587,-28.443528577760148 -65.6863162612655,-28.443336961208647 -65.6864211762325,-28.443022425881967 -65.68645662334276,-28.442749265130153 -65.68659185682252,-28.44231051794499 -65.68662684081201,-28.44220130152069 -65.68667944798274,-28.44198939017934 -65.68671457991353,-28.441829893767423 -65.68673738873254,-28.441734288364653 -65.68678243422322,-28.441568262455075 -65.68684251971311,-28.44134542932198 -65.68686747209387,-28.441275540340467 -65.68689532553968,-28.441065756027104 -65.6869310326447,-28.44083045334134 -65.68702820705731,-28.440614266909478 -65.68710797719052,-28.440426461299726 -65.68715572795867,-28.440250037035266 -65.68725547406163,-28.440005444632902 -65.68731115787848,-28.439585866475632 -65.68740214023,-28.439094672360422 -65.69443775125113,-28.437276744107596 -65.69537862429009,-28.437057187752583 -65.69537854077991,-28.43708634381211 -65.69939635915891,-28.43686190281594 -65.70029739809112,-28.436506060361015 -65.70054039094947,-28.43637516919102 -65.70086639848104,-28.436265561806813 -65.7017104903588,-28.436008106490718 -65.70207818101557,-28.435888557449594 -65.70234716267807,-28.435855714503447 -65.7026920165087,-28.435776232264054 -65.70304458500861,-28.435646618436934 -65.70326824017003,-28.435570213324073 -65.70346317992094,-28.43543817727987 -65.7037060774876,-28.435251489135673 -65.70367621880847,-28.43509429541584 -65.70373735374528,-28.434900524384226 -65.70393485895481,-28.434693677802144 -65.7041069694201,-28.434487598803223 -65.70445271135404,-28.434087169452198 -65.70461239104004,-28.43386352355419 -65.70478814700158,-28.433526736423705 -65.70484870384689,-28.433540239915 -65.70487914821014,-28.433486815313334 -65.70509629973502,-28.43302258565692 -65.70511195163171,-28.432975172750787 -65.70512367308234,-28.432911142510633 -65.70529096587005,-28.432646548805295 -65.70671465564935,-28.431586966315987 -65.70735828956083,-28.43104668591755 -65.70743438815052,-28.431239385851736 -65.70786277483187,-28.43086303832327 -65.70804428168921,-28.430536250415507 -65.70828348475474,-28.43036243911985 -65.70835705810599,-28.430401624516048 -65.70857523892198,-28.430370869255263 -65.70881312411228,-28.43030257040513 -65.7090576343227,-28.430232179844058 -65.70925845953695,-28.43020981652777 -65.70940305754485,-28.430142476767227 -65.70956222121079,-28.43013761288724 -65.70978626729197,-28.43011727590671 -65.7098855083511,-28.43006548341007 -65.70996452633386,-28.429927100059537 -65.70983846277896,-28.429686274948644 -65.70912102519458,-28.427650230304963 -65.70853103153343,-28.425975803006533 -65.70843448653788,-28.425701798944274 -65.70781289710553,-28.424054342820163 -65.70778382652479,-28.422256885606096 -65.70777695580804,-28.42177069824358 -65.70783607117731,-28.42138858057253 -65.70807973532447,-28.421264694988114 -65.70868614642835,-28.421057594665896 -65.70920085057227,-28.420913287764268 -65.70940072857002,-28.420841518441307 -65.70960193977041,-28.42078239824476 -65.70966948356883,-28.420259958676933 -65.70958108684859,-28.418796682256428 -65.70956307426187,-28.417952511759733 -65.70948442139272,-28.41685898394742 -65.70942632337045,-28.416287330644696 -65.70938369119118,-28.41484138329596 -65.70937738507365,-28.414575417241107 -65.70939400708912,-28.414318163670682 -65.70940358697268,-28.414054731744635 -65.70941540317567,-28.41396875398636 -65.70941885255905,-28.413037582366137 -65.70948551536495,-28.41275495905643 -65.70948400352023,-28.411415226758468 -65.70921898124769,-28.409587747561883 -65.70916213139738,-28.40919572749858 -65.7090777934956,-28.408641650711953 -65.70825464328423,-28.406314487261124 -65.70793304682823,-28.40542139020298 -65.70769767759037,-28.404770212782577 -65.70712103625087,-28.403164691395865 -65.70606709624374,-28.40021885570381 -65.70581269433353,-28.399547010901024 -65.70581205388629,-28.399545257117598 -65.70456130398716,-28.399715828568812 -65.70426676367914,-28.39961628623589 -65.70436979385926,-28.39931968202495 -65.70436842879957,-28.399281833852044 -65.70433088836516,-28.399266074920412 -65.70423589128835,-28.39920254826551 -65.70419693206716,-28.3991401312626 -65.70418702230761,-28.399056333563593 -65.70412584719588,-28.39853124869331 -65.70411811849894,-28.398473674041924 -65.70374256375447,-28.39780430551729 -65.70364786146826,-28.397335984022174 -65.70347415732023,-28.397335341996442 -65.70334707576247,-28.39737934925988 -65.70326461303404,-28.397418876992866 -65.70319681946037,-28.39746470719702 -65.70312817631745,-28.397515383310534 -65.70306333503852,-28.39757811472612 -65.70263761199969,-28.398009694782722 -65.702577297339,-28.398069961794032 -65.70251408202532,-28.39811735814174 -65.7024389012968,-28.39815600600604 -65.7023655024203,-28.39819141099957 -65.70226730253702,-28.398212552693384 -65.70219906301728,-28.398223718756473 -65.7020842566759,-28.398229708550367 -65.70190731297166,-28.398225034579337 -65.70154256852,-28.398222244758784 -65.70061652179153,-28.397962250479424 -65.70007782831834,-28.397881604228232 -65.69979966166915,-28.396767142321373 -65.70065107779452,-28.39526999247206 -65.6629622490428,-28.39551361203041</coordinates>
                        </LinearRing>
                    </outerBoundaryIs>
                </Polygon>
            </Placemark>
            <Placemark id="Distritos.3">
                <ExtendedData>
                    <SchemaData schemaUrl="#Distritos_1">
                        <SimpleData name="id">2</SimpleData>
                        <SimpleData name="objectid">2</SimpleData>
                        <SimpleData name="shape_leng">12408.2472225</SimpleData>
                        <SimpleData name="shape_area">7514738.63453</SimpleData>
                        <SimpleData name="distrito">Dto 22 El Hueco</SimpleData>
                        <SimpleData name="ejido2003">284984</SimpleData>
                        <SimpleData name="ejido2010">383661</SimpleData>
                        <SimpleData name="ejido2020">530239</SimpleData>
                        <SimpleData name="nam">El Hueco</SimpleData>
                    </SchemaData>
                </ExtendedData>
                <Polygon>
                    <outerBoundaryIs>
                        <LinearRing>
                            <tessellate>1</tessellate>
                            <coordinates>-65.7164426568245,-28.394017242243375 -65.71602472799691,-28.394051245820055 -65.71571074013451,-28.394023624195064 -65.71553165279992,-28.394044567905134 -65.7146487141958,-28.39420445636791 -65.70957372073865,-28.394946622410608 -65.70666134704399,-28.395384395767646 -65.70564148441132,-28.395509048090695 -65.70500346732923,-28.3956546076004 -65.70355626483978,-28.395873752344716 -65.70378239235812,-28.396720972219356 -65.70392445392778,-28.39670649705099 -65.7053332896873,-28.39822797797809 -65.70544828760964,-28.398549119600684 -65.70581205388629,-28.399545257117598 -65.70581269433353,-28.399547010901024 -65.70606709624374,-28.40021885570381 -65.70712103625087,-28.403164691395865 -65.70769767759037,-28.404770212782577 -65.70793304682823,-28.40542139020298 -65.70825464328423,-28.406314487261124 -65.7090777934956,-28.408641650711953 -65.70916213139738,-28.40919572749858 -65.70921898124769,-28.409587747561883 -65.70948400352023,-28.411415226758468 -65.70948551536495,-28.41275495905643 -65.70941885255905,-28.413037582366137 -65.70941540317567,-28.41396875398636 -65.70940358697268,-28.414054731744635 -65.70939400708912,-28.414318163670682 -65.70937738507365,-28.414575417241107 -65.70938369119118,-28.41484138329596 -65.70942632337045,-28.416287330644696 -65.70948442139272,-28.41685898394742 -65.70956307426187,-28.417952511759733 -65.70958108684859,-28.418796682256428 -65.70966948356883,-28.420259958676933 -65.70960193977041,-28.42078239824476 -65.70940072857002,-28.420841518441307 -65.70920085057227,-28.420913287764268 -65.70868614642835,-28.421057594665896 -65.70807973532447,-28.421264694988114 -65.70783607117731,-28.42138858057253 -65.70777695580804,-28.42177069824358 -65.70778382652479,-28.422256885606096 -65.70781289710553,-28.424054342820163 -65.70843448653788,-28.425701798944274 -65.70853103153343,-28.425975803006533 -65.70912102519458,-28.427650230304963 -65.70983846277896,-28.429686274948644 -65.7103903829383,-28.429458045057228 -65.71099008512945,-28.42930424180378 -65.71135303774678,-28.429211155274565 -65.712000030609,-28.429472573611754 -65.71208659997284,-28.429478932663443 -65.71220403409222,-28.429478538381364 -65.71264264194087,-28.429602821695717 -65.71356540504124,-28.429574883822973 -65.71427969804326,-28.429686686703572 -65.71639973940135,-28.42925134056801 -65.71677533413012,-28.429082516168513 -65.71698142731401,-28.428970151662657 -65.71737980550247,-28.428872716354423 -65.71746286296504,-28.428819555238338 -65.71765512103055,-28.42841600590123 -65.71783151155832,-28.428329697079405 -65.71836084888096,-28.428266137203817 -65.71918412105586,-28.428163679736215 -65.71987108381303,-28.42848577860994 -65.72108090627297,-28.42855905278214 -65.72409998775167,-28.427587422081825 -65.72421190879606,-28.428354271123997 -65.72485963834797,-28.42826616616662 -65.72562870454578,-28.42808445392867 -65.72566332771589,-28.428082051604044 -65.72570980060783,-28.42806918363963 -65.72571800136451,-28.42806757610318 -65.72572346798381,-28.428067578297835 -65.72576173804012,-28.428060344924514 -65.72578907278788,-28.42805713422912 -65.72581822974018,-28.42805392425852 -65.72586196599093,-28.42804749846202 -65.72589476982543,-28.428039457447586 -65.72591937290422,-28.42803302397439 -65.72598589371256,-28.42801291520153 -65.72602143165834,-28.4280032644195 -65.72608248334792,-28.42798798590321 -65.72611437563454,-28.427980749886675 -65.72613260138034,-28.42797350841808 -65.72640415689702,-28.427880993660835 -65.72707478261248,-28.427771721471824 -65.72739965124909,-28.42775297637343 -65.72763161322325,-28.42758849173093 -65.72779619005203,-28.427309425979534 -65.7278936898381,-28.427024847706132 -65.72808421788484,-28.42680057270494 -65.72829958401509,-28.426674437081644 -65.72841194940261,-28.42651468881816 -65.72852357817337,-28.42630924117508 -65.72860266106647,-28.426217638373714 -65.7286496664451,-28.426056359609802 -65.72880161194801,-28.425799315385884 -65.72896624532417,-28.42548348726226 -65.72905559149828,-28.425353155278888 -65.72916460193719,-28.425098134571364 -65.7293414194229,-28.42481814206871 -65.72952220007262,-28.424498800347834 -65.72964808978311,-28.424150721337238 -65.72981312056277,-28.423771680042858 -65.72994273195063,-28.42349603258338 -65.73005330483831,-28.423287313313274 -65.73021235083584,-28.422795385226816 -65.7302135279699,-28.422331063799202 -65.73011657180744,-28.421979929502687 -65.73000713974234,-28.42172595380395 -65.72994072527823,-28.421430974497902 -65.7298679031611,-28.42120946640006 -65.72988683871971,-28.420977342362185 -65.73000363117016,-28.42074001275537 -65.73011513208097,-28.420601455991328 -65.73029612818316,-28.420442291560626 -65.73036901059916,-28.420187198106298 -65.730369495569,-28.4199957707198 -65.73046548399377,-28.419737155372587 -65.73043568762105,-28.419429347171885 -65.73029911959638,-28.419261822067956 -65.73019125027649,-28.419070180013744 -65.73001147034886,-28.418750776396838 -65.72972861751765,-28.418474300876998 -65.72965166847891,-28.418207682713287 -65.72937523058894,-28.417966081927847 -65.72922904566158,-28.41773902860872 -65.72914390181047,-28.417555288987437 -65.72897763916912,-28.41736901794628 -65.72885028289234,-28.41695303239203 -65.72870856290464,-28.416234590869728 -65.72877678284614,-28.415410914869884 -65.72871843832861,-28.41524214419176 -65.7287127106511,-28.414627705299274 -65.72866950650078,-28.414283823663162 -65.72870678487087,-28.414069836674788 -65.72870779323851,-28.413674149091698 -65.72871604454379,-28.41333950909619 -65.7285800747894,-28.412984991250916 -65.72858056283043,-28.41279356369014 -65.72852726616682,-28.412463427360155 -65.72850582262363,-28.41222986289316 -65.72838290341743,-28.411453399175542 -65.72832504165042,-28.4110965142205 -65.72829684728573,-28.41075109217209 -65.728189804563,-28.410240402335248 -65.72770598873625,-28.409619819850782 -65.72760166877934,-28.409285600699828 -65.72760301293972,-28.408760179765494 -65.72766999189547,-28.408423004442348 -65.72768526512777,-28.40819599971727 -65.72771592447504,-28.407442264316945 -65.727826275687,-28.406930453040957 -65.72787680822107,-28.406702011664656 -65.72797744104199,-28.406413527357195 -65.72805560281532,-28.406089799212047 -65.72818866540197,-28.405548780018655 -65.72863979445131,-28.40501830818212 -65.72892346822418,-28.40456373804188 -65.7290784730419,-28.404319465286793 -65.72931066668559,-28.404075346399758 -65.72952946070656,-28.403742991255044 -65.7296582449952,-28.40346329033793 -65.72977664613657,-28.403327201221163 -65.72987724004632,-28.403050744110175 -65.73005063555073,-28.402714288194044 -65.73014746172119,-28.402414885838503 -65.73022538269602,-28.40212635464805 -65.73026688662213,-28.40187383723461 -65.73029487100568,-28.401581197256895 -65.73022786010186,-28.401168981890883 -65.73014339885492,-28.40045512000464 -65.73007654153152,-28.399946366482794 -65.72975979903964,-28.399516719627467 -65.72953799996132,-28.39924764108987 -65.72942952002347,-28.39905496902718 -65.72920315478707,-28.39841637124027 -65.72908276398003,-28.397801632546667 -65.72906946375345,-28.397389828001526 -65.72899217316342,-28.396871800297255 -65.71837783703205,-28.396765620012552 -65.71836903353424,-28.39669518410515 -65.71836260366088,-28.39656697122338 -65.71837363296588,-28.396430766519003 -65.71837673404698,-28.396349087302635 -65.71834201962137,-28.39610070785296 -65.71831856221301,-28.39600769501255 -65.71820528017139,-28.395713836745518 -65.71806152486786,-28.395396578272795 -65.71789202098869,-28.395160422080547 -65.71762850372843,-28.394880713127254 -65.71757972695593,-28.394835062623173 -65.71786806077884,-28.394814198751018 -65.71776818898189,-28.393987271617345 -65.7164426568245,-28.394017242243375</coordinates>
                        </LinearRing>
                    </outerBoundaryIs>
                </Polygon>
            </Placemark>
            <Placemark id="Distritos.4">
                <ExtendedData>
                    <SchemaData schemaUrl="#Distritos_1">
                        <SimpleData name="id">3</SimpleData>
                        <SimpleData name="objectid">4</SimpleData>
                        <SimpleData name="shape_leng">18222.5525963</SimpleData>
                        <SimpleData name="shape_area">9922846.47993</SimpleData>
                        <SimpleData name="distrito">Dto 23 San José</SimpleData>
                        <SimpleData name="ejido2003">626310</SimpleData>
                        <SimpleData name="ejido2010">740097</SimpleData>
                        <SimpleData name="ejido2020">784165</SimpleData>
                        <SimpleData name="nam">San José</SimpleData>
                    </SchemaData>
                </ExtendedData>
                <Polygon>
                    <outerBoundaryIs>
                        <LinearRing>
                            <tessellate>1</tessellate>
                            <coordinates>-65.69504132363073,-28.381202413252904 -65.69396134752425,-28.381381647803234 -65.69392070063411,-28.381412583224186 -65.69379419723157,-28.381680630469553 -65.69029244153563,-28.381466155540004 -65.68988584055876,-28.381593043984278 -65.68953868611267,-28.381695220945016 -65.66404819824899,-28.381677560400412 -65.6637597659084,-28.382379596147562 -65.663674197025,-28.382674371422095 -65.66359949857029,-28.3828413830326 -65.66349769081815,-28.383008090369515 -65.66338638767233,-28.383206662453343 -65.66323939731274,-28.38337286248817 -65.66238558769037,-28.38429843962757 -65.66208451508088,-28.38449487927407 -65.66181889855801,-28.384739673679128 -65.66148087384948,-28.38499164676433 -65.66134291458125,-28.385157946208437 -65.66125082665539,-28.38527680397874 -65.66100362397061,-28.385497825186633 -65.66086371050415,-28.385799980556904 -65.6607601724394,-28.386086559033355 -65.66019453182041,-28.387710739072872 -65.66011672119318,-28.388093520456962 -65.65997634196579,-28.38842764095268 -65.65989784031252,-28.388858371459666 -65.65988466527484,-28.389145965592586 -65.65988041209866,-28.389441652915036 -65.65986130373928,-28.38951337354659 -65.65999375376968,-28.38973067013522 -65.66010024288387,-28.389867746186958 -65.66028771997841,-28.390029711474106 -65.6605018488919,-28.3902239475438 -65.66068086471383,-28.390345852933137 -65.66094109890847,-28.390476663923266 -65.66107561987727,-28.390550111570516 -65.66113841936496,-28.39058278878415 -65.66121014103246,-28.39062355908575 -65.66157905030016,-28.39073960452373 -65.66321529768358,-28.391349450181448 -65.66326013888163,-28.391373932001297 -65.66348491860593,-28.391456383120193 -65.66368178475919,-28.391594470527913 -65.66381539176687,-28.391731847903465 -65.66395688972324,-28.391949242056068 -65.66372614587804,-28.392282352396943 -65.66326226947452,-28.392484960475375 -65.66292812414878,-28.39246522397916 -65.66287390122226,-28.39246461524319 -65.6625643428746,-28.39262099631986 -65.66246321258484,-28.392739753257196 -65.66231586315956,-28.39292992658543 -65.66216805405995,-28.393152065937013 -65.66211976866342,-28.393367330197318 -65.66211483264257,-28.393710966742436 -65.66217350195757,-28.394031339181076 -65.66220769975024,-28.394167601497294 -65.66224189762866,-28.39430386380297 -65.66230309277648,-28.394448422138623 -65.66229999373562,-28.394664193897707 -65.66229804247872,-28.394800050186863 -65.66243942655879,-28.39502543737206 -65.66265333986395,-28.39523565313 -65.66272460623675,-28.39530838882362 -65.66286725401243,-28.395445868552756 -65.6629622490428,-28.39551361203041 -65.70065107779452,-28.39526999247206 -65.69979966166915,-28.396767142321373 -65.70007782831834,-28.397881604228232 -65.70061652179153,-28.397962250479424 -65.70154256852,-28.398222244758784 -65.70190731297166,-28.398225034579337 -65.7020842566759,-28.398229708550367 -65.70219906301728,-28.398223718756473 -65.70226730253702,-28.398212552693384 -65.7023655024203,-28.39819141099957 -65.7024389012968,-28.39815600600604 -65.70251408202532,-28.39811735814174 -65.702577297339,-28.398069961794032 -65.70263761199969,-28.398009694782722 -65.70306333503852,-28.39757811472612 -65.70312817631745,-28.397515383310534 -65.70319681946037,-28.39746470719702 -65.70326461303404,-28.397418876992866 -65.70334707576247,-28.39737934925988 -65.70347415732023,-28.397335341996442 -65.70364786146826,-28.397335984022174 -65.70374256375447,-28.39780430551729 -65.70411811849894,-28.398473674041924 -65.70412584719588,-28.39853124869331 -65.70418702230761,-28.399056333563593 -65.70419693206716,-28.3991401312626 -65.70423589128835,-28.39920254826551 -65.70433088836516,-28.399266074920412 -65.70436842879957,-28.399281833852044 -65.70436979385926,-28.39931968202495 -65.70426676367914,-28.39961628623589 -65.70456130398716,-28.399715828568812 -65.70581205388629,-28.399545257117598 -65.70544828760964,-28.398549119600684 -65.7053332896873,-28.39822797797809 -65.70392445392778,-28.39670649705099 -65.70378239235812,-28.396720972219356 -65.70355626483978,-28.395873752344716 -65.70500346732923,-28.3956546076004 -65.70564148441132,-28.395509048090695 -65.70666134704399,-28.395384395767646 -65.70957372073865,-28.394946622410608 -65.7146487141958,-28.39420445636791 -65.71553165279992,-28.394044567905134 -65.71571074013451,-28.394023624195064 -65.71602472799691,-28.394051245820055 -65.7164426568245,-28.394017242243375 -65.71776818898189,-28.393987271617345 -65.71786806077884,-28.394814198751018 -65.71757972695593,-28.394835062623173 -65.71762850372843,-28.394880713127254 -65.71789202098869,-28.395160422080547 -65.71806152486786,-28.395396578272795 -65.71820528017139,-28.395713836745518 -65.71831856221301,-28.39600769501255 -65.71834201962137,-28.39610070785296 -65.71837673404698,-28.396349087302635 -65.71837363296588,-28.396430766519003 -65.71836260366088,-28.39656697122338 -65.71836903353424,-28.39669518410515 -65.71837783703205,-28.396765620012552 -65.72899217316342,-28.396871800297255 -65.72898473121025,-28.39682192154502 -65.72897141533407,-28.396416452412108 -65.72902274340706,-28.395979436241646 -65.72902316234973,-28.395814726186252 -65.72894505871992,-28.395328349060733 -65.72890288774762,-28.39498617232625 -65.72890374208595,-28.394650416687487 -65.72902632115752,-28.39440359381734 -65.72899106522014,-28.394162791840508 -65.72899197142456,-28.39377135174861 -65.72900746235672,-28.39332159440173 -65.72890094000437,-28.392896934414917 -65.72872270221674,-28.39246579604916 -65.72831186948997,-28.39200979027609 -65.72801193898897,-28.39146130869989 -65.72801321758344,-28.3909603901257 -65.72790790654426,-28.39055318103169 -65.72782024100596,-28.390177314739006 -65.72789242024032,-28.38967653702373 -65.72799972816436,-28.3893010599973 -65.72800068707085,-28.3889253706257 -65.728002136811,-28.388446938472253 -65.72800301577013,-28.388102556560106 -65.72800397461712,-28.3877268671223 -65.72796948502611,-28.387351106905992 -65.72793491432563,-28.38700665417055 -65.72793571352938,-28.38669357970042 -65.72790090476704,-28.386443048819416 -65.7279373119001,-28.386067430065655 -65.72785517029635,-28.3851472604685 -65.72800591302034,-28.384359413064274 -65.72793745660233,-28.38378278766671 -65.72777257110204,-28.383257026306747 -65.72786997193967,-28.38280133158519 -65.72793851761293,-28.38202175478474 -65.71540495296549,-28.382389744844886 -65.71375190416835,-28.381676960880917 -65.71358878367285,-28.38166933089769 -65.71325836461035,-28.38171158965818 -65.7131068853844,-28.381756298134412 -65.71285498701131,-28.381831912624527 -65.71281066790269,-28.381860545366845 -65.71264396553634,-28.381985969035366 -65.71252799782246,-28.382285965497907 -65.7119966203923,-28.38234780484093 -65.71179083075288,-28.382384996259166 -65.71157132494383,-28.38240748717087 -65.70984116843722,-28.382620076924656 -65.70920365430602,-28.382697052827513 -65.70825842090055,-28.382691476256216 -65.70686311078744,-28.382674090219435 -65.70533502409096,-28.38251189453322 -65.70461259471911,-28.38241393034199 -65.70372756343765,-28.382233796173793 -65.703674251481,-28.382261962823417 -65.7036734372315,-28.382281090503152 -65.70169252826184,-28.38229233383103 -65.7009476841422,-28.382164818946066 -65.70027605875688,-28.382048653549646 -65.69872521861413,-28.381780404170673 -65.69738101001907,-28.381610025457686 -65.69710210987441,-28.381454121282438 -65.69686342369666,-28.381518916547368 -65.69665339701444,-28.38153354487772 -65.69622280273748,-28.381465459532656 -65.69569848903824,-28.380860242576436 -65.69504132363073,-28.381202413252904</coordinates>
                        </LinearRing>
                    </outerBoundaryIs>
                </Polygon>
            </Placemark>
            <Placemark id="Distritos.5">
                <ExtendedData>
                    <SchemaData schemaUrl="#Distritos_1">
                        <SimpleData name="id">4</SimpleData>
                        <SimpleData name="objectid">5</SimpleData>
                        <SimpleData name="shape_leng">18081.6756108</SimpleData>
                        <SimpleData name="shape_area">12256361.7562</SimpleData>
                        <SimpleData name="distrito">Dto 24 La Tercena</SimpleData>
                        <SimpleData name="ejido2003">561977</SimpleData>
                        <SimpleData name="ejido2010">630889</SimpleData>
                        <SimpleData name="ejido2020">955477</SimpleData>
                        <SimpleData name="nam">La Tercena</SimpleData>
                    </SchemaData>
                </ExtendedData>
                <Polygon>
                    <outerBoundaryIs>
                        <LinearRing>
                            <tessellate>1</tessellate>
                            <coordinates>-65.7135168691005,-28.360380740412314 -65.71388749558822,-28.361114461261966 -65.71470296427759,-28.361824380430555 -65.7147832269018,-28.36196243018935 -65.71495003997664,-28.362060038007918 -65.71530391140918,-28.36236329991303 -65.71545676233774,-28.362682154659247 -65.71552886076877,-28.362763820724204 -65.71558868098023,-28.362869455369392 -65.7156303265027,-28.362943276205726 -65.71401113230999,-28.36282436536831 -65.7100748108296,-28.36239491132845 -65.70994614674242,-28.362688785158362 -65.70989471431193,-28.362692937850078 -65.70988853546588,-28.363341895954278 -65.70986432591585,-28.363451901107048 -65.70970046198146,-28.363654214895433 -65.70960842759813,-28.363963795575703 -65.7096282451736,-28.36416248580317 -65.70972249298774,-28.36450743769853 -65.70972241492318,-28.364631845057403 -65.70956211594043,-28.36500359581774 -65.70938211617381,-28.364990045117988 -65.70933590429779,-28.365035978765533 -65.70806904550665,-28.365001460202105 -65.70812182082354,-28.36519585454601 -65.70790896274974,-28.365191661504923 -65.70782968315255,-28.365216206496747 -65.70682602650686,-28.365157782934205 -65.70669148867238,-28.36466678439231 -65.70501538472742,-28.364612317760546 -65.70496943403721,-28.36452036485177 -65.70470375986616,-28.364463313406024 -65.70472012641505,-28.364716452164245 -65.70346134758337,-28.36445844511021 -65.70178855265993,-28.36382368962037 -65.70253682268913,-28.362475775481677 -65.69926431431622,-28.36185511624894 -65.69914938772911,-28.36227232358535 -65.66923762801427,-28.361779500634558 -65.66947221676271,-28.362101744024645 -65.67108603499251,-28.363622435299696 -65.67137882096723,-28.364001369477183 -65.67158262944858,-28.36428339529066 -65.67163501376669,-28.36441186598114 -65.67164028580697,-28.364675689499276 -65.67159146287655,-28.364930916258437 -65.67150786868626,-28.365089840388656 -65.67140563431171,-28.365288520689592 -65.67130248715324,-28.365551133658084 -65.67119201545341,-28.36569377174103 -65.67100755307604,-28.365955476447954 -65.67090543100778,-28.36614616474106 -65.67080148314538,-28.36646471842725 -65.67076386009099,-28.36656820546431 -65.67072623696264,-28.366671692488886 -65.67076833137858,-28.36688797005826 -65.6708023036659,-28.367040213962287 -65.67077314496123,-28.3671837598631 -65.6715689904881,-28.3690389984179 -65.67158569242984,-28.3691350992309 -65.67160527174066,-28.36966284676089 -65.67156673599729,-28.369830266684243 -65.67149103267391,-28.370069207415092 -65.67153552478018,-28.3701176612966 -65.67058195485808,-28.371713577653665 -65.67047010623891,-28.371952113987547 -65.67037518669147,-28.3722707679595 -65.67033573495155,-28.3725021201235 -65.67022479809177,-28.372676723543606 -65.67005118312716,-28.372810662184204 -65.66983227599617,-28.372952087274015 -65.6696315535229,-28.373085722415492 -65.66928591936117,-28.373241715770313 -65.66855061293263,-28.373473278674112 -65.66610231565043,-28.374053328291268 -65.66592160367352,-28.374051303555436 -65.6657949908166,-28.374057877673852 -65.66569559922952,-28.374056763874734 -65.66553238596502,-28.374094899015937 -65.66532307844933,-28.374196460157187 -65.6651607810541,-28.37417066224954 -65.66506001496553,-28.374265446883797 -65.66466953595013,-28.374396947187037 -65.66449694245121,-28.374458954473983 -65.66438771278925,-28.37451367939488 -65.66364835376464,-28.375656356211888 -65.6635924196783,-28.375775621395444 -65.66348146837227,-28.375950219121794 -65.66335838496876,-28.376340487722086 -65.66326378419387,-28.376635161616857 -65.6632511934784,-28.376882798836334 -65.66325747713066,-28.377074697909034 -65.66324603309576,-28.377242419427226 -65.66319775742932,-28.37745768465137 -65.66315062839978,-28.37759303417125 -65.66319956848474,-28.37796125485169 -65.66324188117551,-28.37816155116142 -65.66325857694186,-28.37825765281501 -65.66382055906703,-28.38066181539637 -65.6639610109215,-28.38095113385843 -65.6640236910601,-28.380991801312927 -65.66410625883671,-28.381536241437615 -65.66404819824899,-28.381677560400412 -65.68953868611267,-28.381695220945016 -65.68988584055876,-28.381593043984278 -65.69029244153563,-28.381466155540004 -65.69379419723157,-28.381680630469553 -65.69392070063411,-28.381412583224186 -65.69396134752425,-28.381381647803234 -65.69504132363073,-28.381202413252904 -65.69569848903824,-28.380860242576436 -65.69622280273748,-28.381465459532656 -65.69665339701444,-28.38153354487772 -65.69686342369666,-28.381518916547368 -65.69710210987441,-28.381454121282438 -65.69738101001907,-28.381610025457686 -65.69872521861413,-28.381780404170673 -65.70027605875688,-28.382048653549646 -65.7009476841422,-28.382164818946066 -65.70169252826184,-28.38229233383103 -65.7036734372315,-28.382281090503152 -65.703674251481,-28.382261962823417 -65.70372756343765,-28.382233796173793 -65.70461259471911,-28.38241393034199 -65.70533502409096,-28.38251189453322 -65.70686311078744,-28.382674090219435 -65.70825842090055,-28.382691476256216 -65.70920365430602,-28.382697052827513 -65.70984116843722,-28.382620076924656 -65.71157132494383,-28.38240748717087 -65.71179083075288,-28.382384996259166 -65.7119966203923,-28.38234780484093 -65.71252799782246,-28.382285965497907 -65.71264396553634,-28.381985969035366 -65.71281066790269,-28.381860545366845 -65.71285498701131,-28.381831912624527 -65.7131068853844,-28.381756298134412 -65.71325836461035,-28.38171158965818 -65.71358878367285,-28.38166933089769 -65.71375190416835,-28.381676960880917 -65.71540495296549,-28.382389744844886 -65.72793866124009,-28.38202012128601 -65.72810936669529,-28.381787938222335 -65.728210890508,-28.381554865976874 -65.7282153069843,-28.38124116924763 -65.72819650540534,-28.380906272546778 -65.72819974405871,-28.380676235239022 -65.72825170904558,-28.380342117772592 -65.72839566615724,-28.380203899768663 -65.72875116080343,-28.38018697389731 -65.72910783391899,-28.380086282923024 -65.72947156723248,-28.379483634131727 -65.7296666258844,-28.379088362268686 -65.72986344853788,-28.37856754849291 -65.7298710948679,-28.378023814076464 -65.72999581002689,-28.37756503973919 -65.73014449412449,-28.377106424146596 -65.73024540068589,-28.376668331981513 -65.73025128138545,-28.376250034326894 -65.73025569297448,-28.375936232539736 -65.72995922657178,-28.375117191509297 -65.7295094231169,-28.374574883898244 -65.72926427201294,-28.37418247632381 -65.72866916192972,-28.37372069255198 -65.72684099294997,-28.37253142395436 -65.72604834790205,-28.371858406155326 -65.72583391501666,-28.37142204567332 -65.72556798550879,-28.37108254433482 -65.72435884872978,-28.369839195701395 -65.72342231989818,-28.36892372056747 -65.72273953335997,-28.36781011612555 -65.72193614115405,-28.366582027277104 -65.7216627481902,-28.365916711715023 -65.72143311089417,-28.365448437814276 -65.72111173469384,-28.36494877138026 -65.72041273579997,-28.364166487193323 -65.72002801569668,-28.363693711563283 -65.7190955291883,-28.36294251233025 -65.71741773502924,-28.361918991415145 -65.71626804937763,-28.36124208522201 -65.7140265460817,-28.359892519948648 -65.7135168691005,-28.360380740412314</coordinates>
                        </LinearRing>
                    </outerBoundaryIs>
                </Polygon>
            </Placemark>
            <Placemark id="Distritos.6">
                <ExtendedData>
                    <SchemaData schemaUrl="#Distritos_1">
                        <SimpleData name="id">5</SimpleData>
                        <SimpleData name="objectid">7</SimpleData>
                        <SimpleData name="shape_leng">22996.7193066</SimpleData>
                        <SimpleData name="shape_area">23218970.3077</SimpleData>
                        <SimpleData name="distrito">Dto 26 Collagasta</SimpleData>
                        <SimpleData name="ejido2003">183453</SimpleData>
                        <SimpleData name="ejido2010">189196</SimpleData>
                        <SimpleData name="ejido2020">267628</SimpleData>
                        <SimpleData name="nam">Collagasta</SimpleData>
                    </SchemaData>
                </ExtendedData>
                <Polygon>
                    <outerBoundaryIs>
                        <LinearRing>
                            <tessellate>1</tessellate>
                            <coordinates>-65.7193951911758,-28.33711678674599 -65.71931366574057,-28.33724052580958 -65.7190880295946,-28.337548020630322 -65.71857169237713,-28.338290988024053 -65.71829454098648,-28.338614548122194 -65.71802521981226,-28.33898489750169 -65.71766485667416,-28.339738115263987 -65.71755028310801,-28.33992960990336 -65.71725860150035,-28.34037904562947 -65.71662683135875,-28.341263277570604 -65.71602605341647,-28.342160150667077 -65.71592869493752,-28.342304761968798 -65.71548924922796,-28.34297516654575 -65.71488401470498,-28.343632811227423 -65.71438408518804,-28.344383197211986 -65.71349612238656,-28.345430150813378 -65.71272539187764,-28.34642137532441 -65.71205644287106,-28.347229550399934 -65.71180438671453,-28.347532031996106 -65.71152748296554,-28.34774783428979 -65.71034486307508,-28.34964047139865 -65.71031170360821,-28.349718906384197 -65.71023329900453,-28.349921029991783 -65.7101972599957,-28.350026176195374 -65.71018848356634,-28.35007234104357 -65.71016678497891,-28.35020682026558 -65.71014517108058,-28.350252871291893 -65.71013621080859,-28.350315259998933 -65.7101386584198,-28.35034205376447 -65.71011015798369,-28.35075311731993 -65.71010915676092,-28.351177267127472 -65.71015180237309,-28.35146808704676 -65.71022239391463,-28.351750852533137 -65.71039476477097,-28.352077942583684 -65.71110260628582,-28.352865730148643 -65.71117127991556,-28.35298634237176 -65.71122801328264,-28.353545368237096 -65.71129844983892,-28.353988869256757 -65.71134746203542,-28.35431274249741 -65.71138303508883,-28.354397219275974 -65.71145885970746,-28.354457517146198 -65.7117121372365,-28.354670748974826 -65.7118372435928,-28.354774328213455 -65.71212530870761,-28.354903856428702 -65.71234626941043,-28.35502521332521 -65.71264547643905,-28.35518413022568 -65.71290775612366,-28.35539234858382 -65.71297247090642,-28.35545856278341 -65.71306056310965,-28.355580316515987 -65.71309295285499,-28.355684294130153 -65.71309848429183,-28.355815980326806 -65.7130967959937,-28.35586786814004 -65.7131002220523,-28.355945769182462 -65.71309992105604,-28.35602768213203 -65.71311175410852,-28.356095137280278 -65.71310916158845,-28.356207843618016 -65.71309903011726,-28.356272610061165 -65.71309134690756,-28.35629604123626 -65.71306469075192,-28.35636223752855 -65.7130294832269,-28.356510250767702 -65.7129929003792,-28.356627427944776 -65.71296403689512,-28.35671874120313 -65.71294950264443,-28.356771290594946 -65.71293032458404,-28.356827841221143 -65.7129176598786,-28.3568779792004 -65.7129068526813,-28.356926516683814 -65.71288498475265,-28.356978980734738 -65.71286400938864,-28.35703307727544 -65.71284554294414,-28.35710342408386 -65.7128290304695,-28.35716568308757 -65.71280770533478,-28.357243296109708 -65.71280715063006,-28.357280598131283 -65.71277305294542,-28.357662207696762 -65.71278499493533,-28.35784564481466 -65.71281088057978,-28.358016267320547 -65.71281185828892,-28.358197143680258 -65.71282778102744,-28.358421179785754 -65.71281440459867,-28.35851916163064 -65.71281971218694,-28.35859384032996 -65.71283023067144,-28.35868804495128 -65.71284582717423,-28.35874905545886 -65.7128509374926,-28.358761879966547 -65.71313985819629,-28.35931152150407 -65.7140265460817,-28.359892519948648 -65.71626804937763,-28.36124208522201 -65.71741773502924,-28.361918991415145 -65.7190955291883,-28.36294251233025 -65.72002801569668,-28.363693711563283 -65.72041273579997,-28.364166487193323 -65.72111173469384,-28.36494877138026 -65.72143311089417,-28.365448437814276 -65.7216627481902,-28.365916711715023 -65.72193614115405,-28.366582027277104 -65.72273953335997,-28.36781011612555 -65.72342231989818,-28.36892372056747 -65.72435884872978,-28.369839195701395 -65.72556798550879,-28.37108254433482 -65.72583391501666,-28.37142204567332 -65.72604834790205,-28.371858406155326 -65.72684099294997,-28.37253142395436 -65.72866916192972,-28.37372069255198 -65.72926427201294,-28.37418247632381 -65.7295094231169,-28.374574883898244 -65.72995922657178,-28.375117191509297 -65.73025569297448,-28.375936232539736 -65.73025128138545,-28.376250034326894 -65.73024540068589,-28.376668331981513 -65.73014449412449,-28.377106424146596 -65.72999581002689,-28.37756503973919 -65.7298710948679,-28.378023814076464 -65.72986344853788,-28.37856754849291 -65.7296666258844,-28.379088362268686 -65.72947156723248,-28.379483634131727 -65.72910783391899,-28.380086282923024 -65.72875116080343,-28.38018697389731 -65.72839566615724,-28.380203899768663 -65.72825170904558,-28.380342117772592 -65.72819974405871,-28.380676235239022 -65.72819650540534,-28.380906272546778 -65.7282153069843,-28.38124116924763 -65.728210890508,-28.381554865976874 -65.72810936669529,-28.381787938222335 -65.72793866124009,-28.38202012128601 -65.72793851761293,-28.38202175478474 -65.72786997193967,-28.38280133158519 -65.72777257110204,-28.383257026306747 -65.72793745660233,-28.38378278766671 -65.72800591302034,-28.384359413064274 -65.72785517029635,-28.3851472604685 -65.7279373119001,-28.386067430065655 -65.72834958398175,-28.38552698261159 -65.72860138279277,-28.385527484298105 -65.72893260656438,-28.38556327469198 -65.72934334704281,-28.385599222228727 -65.72960831072714,-28.385634879370528 -65.72995287589886,-28.3856355625875 -65.73023135834245,-28.38556585179527 -65.73069505111654,-28.385625321234276 -65.73107937560292,-28.385626080166496 -65.73154318712196,-28.38563870462769 -65.7323306502675,-28.38552368772162 -65.73290279886947,-28.385297942584728 -65.7337971713974,-28.384929667111773 -65.73388081454513,-28.385075686129973 -65.7341122388241,-28.385076137841676 -65.7343900503097,-28.38503578072793 -65.73452900584833,-28.384995152630726 -65.73466837065128,-28.38479092978759 -65.7347614477303,-28.384586615564828 -65.7348082415853,-28.384382212365686 -65.73480875036462,-28.38417771908625 -65.7348093608957,-28.383932325993705 -65.73467132310985,-28.38360486646773 -65.73457956854836,-28.38327749578644 -65.73438499996374,-28.38261232487422 -65.73437051190707,-28.382140063541506 -65.73439313645672,-28.381547979650247 -65.73449781028731,-28.38087635661913 -65.73511544094389,-28.3805759350309 -65.73547799679972,-28.3804980707552 -65.73607043457422,-28.38009777462662 -65.73646417405928,-28.380519961725362 -65.73685859297215,-28.381010494185176 -65.73716386975627,-28.381324429148876 -65.73846955360449,-28.381752465976078 -65.73888629629313,-28.382345140011665 -65.73907062971772,-28.38267268517403 -65.73934763307693,-28.382959507322322 -65.73962493763503,-28.383123632870408 -65.74017994808528,-28.38328828756295 -65.74082842232534,-28.383085027931823 -65.74096816800974,-28.38271720374954 -65.74092307868027,-28.3822263303864 -65.74087758995965,-28.381899051733996 -65.74073933500216,-28.381653395529554 -65.74060108279848,-28.381407739184173 -65.74041654762688,-28.38116199340102 -65.73984688279448,-28.380752063914148 -65.73972192111614,-28.380507339856024 -65.73982370432566,-28.380211834752725 -65.7398814593384,-28.37975600880394 -65.74021091791865,-28.379181918012854 -65.7404592904267,-28.378735059692843 -65.74103572303709,-28.37909060984697 -65.74188692523842,-28.379502832473577 -65.74227447351579,-28.379570749061962 -65.74289559861714,-28.379645828516313 -65.7433177949021,-28.380056477068518 -65.74362375341502,-28.38028236904428 -65.74396687502399,-28.380380432501862 -65.7446364122161,-28.380392390024035 -65.7461931966324,-28.380345551561174 -65.74680294671856,-28.380056840552307 -65.74727305281704,-28.380029719760515 -65.7478396797842,-28.380219303381768 -65.74848665611887,-28.3804816149839 -65.75052350312106,-28.38153316542392 -65.7523183934985,-28.382438396380262 -65.75262477026341,-28.38249746203619 -65.75333824386206,-28.38251276092632 -65.75418542999574,-28.382665244370962 -65.75453665820113,-28.382748732967958 -65.75662697032658,-28.383864653603144 -65.75722052424626,-28.384070451869775 -65.75766621918818,-28.38413890933677 -65.75801415342998,-28.38407233600175 -65.75817759183882,-28.3838959788298 -65.7583956055565,-28.383608397241037 -65.75848333767685,-28.383262993869522 -65.75865827029446,-28.382802556021854 -65.75886584601153,-28.3820626916176 -65.75910603760097,-28.381790925648197 -65.75946334827775,-28.381546359757678 -65.75986029850097,-28.381301861613647 -65.76017812656896,-28.380987167468437 -65.7602582709816,-28.38060199790087 -65.75990665824688,-28.38005097762305 -65.75986756983268,-28.379805711728032 -65.75986812212956,-28.379560514509865 -65.75982895718526,-28.37935027627477 -65.75982974628987,-28.378999994837763 -65.76006844689685,-28.37861510456138 -65.76010871549013,-28.378334949376395 -65.76010958245556,-28.377949640189037 -65.7603482796751,-28.377564749342888 -65.76050761930153,-28.377214747622737 -65.76070651879378,-28.376899842985228 -65.76082708325117,-28.376164460796982 -65.76106592871032,-28.37570951199118 -65.76096183605301,-28.37533289639525 -65.76106380004252,-28.37504964571908 -65.76102346938136,-28.374206747697457 -65.76090620547242,-28.373781397831003 -65.76075409427371,-28.373362071619532 -65.7605567746495,-28.37297641416708 -65.7603988582823,-28.37269591039714 -65.76016214177699,-28.372205098369495 -65.76004433816588,-28.371714495267874 -65.76028270442629,-28.371469716146997 -65.76056047109256,-28.371330091696706 -65.76079875886215,-28.371120340528094 -65.76087865984985,-28.37084025432224 -65.76083957453271,-28.370594987236146 -65.760522723476,-28.370489346253304 -65.76000769592059,-28.37038335580512 -65.75977011837375,-28.370277852607337 -65.7596127606817,-28.369752150285414 -65.75941584896174,-28.369191351227666 -65.75949622388455,-28.368701097045406 -65.75957675808623,-28.36814078615068 -65.75981630263463,-28.367370585784943 -65.76012947050226,-28.366974556050156 -65.76104056297541,-28.36633355270967 -65.76145947190872,-28.366049927674457 -65.76138732528908,-28.364859727493638 -65.76153945339277,-28.363736035945198 -65.7618404506433,-28.362943178383777 -65.76273695016556,-28.363473663796412 -65.76348369755365,-28.3640699977753 -65.76408230000727,-28.36400491953754 -65.76423322743975,-28.36341014398834 -65.76460828278684,-28.362947984808727 -65.76588144021713,-28.362289024751426 -65.76647988657119,-28.3622900509809 -65.76752990441122,-28.36103565500808 -65.76910352559399,-28.359782139382276 -65.76992879451869,-28.35865957424738 -65.7701543423268,-28.358131032763854 -65.7700822458157,-28.35687472011392 -65.77105708477843,-28.355752399623682 -65.77165634349817,-28.355356713067025 -65.77226474960105,-28.353799277232344 -65.77249112315616,-28.352874040209755 -65.77279257306044,-28.351816696876256 -65.7727942619286,-28.351023315464 -65.77264551050149,-28.35062637485951 -65.77234702388284,-28.35029530083476 -65.77197416749752,-28.349765754300613 -65.77228868216673,-28.34904993253889 -65.77244162556788,-28.348547519055177 -65.7718397245936,-28.348085061710815 -65.77232302854546,-28.347320157311653 -65.77274513104094,-28.346526634563034 -65.7730253202729,-28.346033604941873 -65.77373800020145,-28.34597037191524 -65.77454146255523,-28.345934577191475 -65.77454257953598,-28.345405654973657 -65.77476891292375,-28.34448041281372 -65.7753686508218,-28.343820247662812 -65.77529775356454,-28.341968898163394 -65.77477532827274,-28.341439113400664 -65.7741024888385,-28.34130576978427 -65.77387909470005,-28.340842590820305 -65.77417923558822,-28.34038028024549 -65.7748533260035,-28.33991858548839 -65.77500374267166,-28.33952214139778 -65.77478006941412,-28.339191194471166 -65.7750271140926,-28.338533688165214 -65.77506360118487,-28.33850183525934 -65.72306327605,-28.337118650011853 -65.72263806929676,-28.337107930392992 -65.7193951911758,-28.33711678674599</coordinates>
                        </LinearRing>
                    </outerBoundaryIs>
                </Polygon>
            </Placemark>
            <Placemark id="Distritos.7">
                <ExtendedData>
                    <SchemaData schemaUrl="#Distritos_1">
                        <SimpleData name="id">6</SimpleData>
                        <SimpleData name="objectid">8</SimpleData>
                        <SimpleData name="shape_leng">17916.3507204</SimpleData>
                        <SimpleData name="shape_area">14924317.4539</SimpleData>
                        <SimpleData name="distrito">Dto 25 La Carrera</SimpleData>
                        <SimpleData name="ejido2003">689098</SimpleData>
                        <SimpleData name="ejido2010">748263</SimpleData>
                        <SimpleData name="ejido2020">963629</SimpleData>
                        <SimpleData name="nam">La Carrera</SimpleData>
                    </SchemaData>
                </ExtendedData>
                <Polygon>
                    <outerBoundaryIs>
                        <LinearRing>
                            <tessellate>1</tessellate>
                            <coordinates>-65.67855257452258,-28.327801554513453 -65.67770638346393,-28.328231757726666 -65.67695908092539,-28.328695027514094 -65.67660275252352,-28.328978807543255 -65.67580664413325,-28.329697300954656 -65.6751011853416,-28.33039282071097 -65.67484192330382,-28.330837535412694 -65.67462747784703,-28.331306727683277 -65.67458520785908,-28.331737873638854 -65.67450351053311,-28.332400374477196 -65.67449941556,-28.332688073433772 -65.67449702681175,-28.332855897819396 -65.67460309559915,-28.335558681016703 -65.67462905521047,-28.3356388992801 -65.67456951478896,-28.33601390222664 -65.67451156651381,-28.33627702225801 -65.67426910087873,-28.33680984460326 -65.67405634751681,-28.33715916097078 -65.67383638116678,-28.337380510189004 -65.67357079596108,-28.337633322012667 -65.67331538052532,-28.337806317730802 -65.67277414668355,-28.338383762634578 -65.67230126210329,-28.33860228766089 -65.67168408152861,-28.33880321446343 -65.67115859319803,-28.338909247691316 -65.67077774013696,-28.33900890168447 -65.67051374050367,-28.339149824663185 -65.67013026195629,-28.33943328417643 -65.66981023849355,-28.339701466081745 -65.66945351184283,-28.34000920138478 -65.66930750430897,-28.340111476623157 -65.66901320491574,-28.34047585902797 -65.66893888757998,-28.340618900054896 -65.66878190466531,-28.340856931226252 -65.66867923212737,-28.341087576817056 -65.6685572371632,-28.341405928034625 -65.66848303277493,-28.34154097716477 -65.66830741058138,-28.341818763725048 -65.66819661709143,-28.341985374901853 -65.66799423744315,-28.3422388829654 -65.6677915140211,-28.342516365559753 -65.66770038476473,-28.342571295872983 -65.66762766414413,-28.34260245349354 -65.66745215225743,-28.34287224726078 -65.66597805857488,-28.34360706962824 -65.66565595238379,-28.344019090438934 -65.66556413411595,-28.344121968959232 -65.66538907231703,-28.344359793504477 -65.66537992477922,-28.344367683857346 -65.66535876831067,-28.344583254817255 -65.66537259968385,-28.344879146903725 -65.66540575641831,-28.345087333786363 -65.66547252805846,-28.345471741074878 -65.66553289919216,-28.345672240057958 -65.66561087921585,-28.34590490793447 -65.66565409987463,-28.346041271496723 -65.66647360242355,-28.347489173966046 -65.66662431021945,-28.347690684279854 -65.66674734663599,-28.3479318489608 -65.66675546516342,-28.347995882995793 -65.66688639215225,-28.34831706479429 -65.66690983331624,-28.348573099725336 -65.66691486461464,-28.34885290714852 -65.6668398524078,-28.34904389642636 -65.66682578732406,-28.349395425961443 -65.6668417959779,-28.349539477209326 -65.66697283941562,-28.349852667264162 -65.66707929830436,-28.349989738403554 -65.66721320117266,-28.350103138064625 -65.66731119863528,-28.350200149850526 -65.667437097222,-28.350241523701044 -65.66752674724832,-28.350290484567985 -65.66790272973373,-28.35053447928248 -65.66793715006523,-28.350654757760424 -65.66806099266303,-28.35083997995932 -65.66861754718039,-28.35172542388747 -65.6691789198187,-28.352906655944462 -65.67042945370025,-28.35581405596518 -65.67048034935645,-28.35604641806626 -65.67053879615997,-28.356382771917126 -65.67053662844238,-28.35653461238767 -65.67053503117134,-28.35664649483746 -65.670495129539,-28.35690981404085 -65.67045671097375,-28.357069242384227 -65.67043807214286,-28.357108998536187 -65.66961232492554,-28.357986979978453 -65.66942077897089,-28.35811272472207 -65.66929327172909,-28.35818323506522 -65.66919320970115,-28.35823007353576 -65.669007956088,-28.358547717084885 -65.66898885961376,-28.35861943941923 -65.66900544348732,-28.358723532260797 -65.66888837321154,-28.360592555779142 -65.66890084531627,-28.360984346066036 -65.66905569997807,-28.36152959314195 -65.66923762801427,-28.361779500634558 -65.69914938772911,-28.36227232358535 -65.69926431431622,-28.36185511624894 -65.70253682268913,-28.362475775481677 -65.70178855265993,-28.36382368962037 -65.70346134758337,-28.36445844511021 -65.70472012641505,-28.364716452164245 -65.70470375986616,-28.364463313406024 -65.70496943403721,-28.36452036485177 -65.70501538472742,-28.364612317760546 -65.70669148867238,-28.36466678439231 -65.70682602650686,-28.365157782934205 -65.70782968315255,-28.365216206496747 -65.70790896274974,-28.365191661504923 -65.70812182082354,-28.36519585454601 -65.70806904550665,-28.365001460202105 -65.70933590429779,-28.365035978765533 -65.70938211617381,-28.364990045117988 -65.70956211594043,-28.36500359581774 -65.70972241492318,-28.364631845057403 -65.70972249298774,-28.36450743769853 -65.7096282451736,-28.36416248580317 -65.70960842759813,-28.363963795575703 -65.70970046198146,-28.363654214895433 -65.70986432591585,-28.363451901107048 -65.70988853546588,-28.363341895954278 -65.70989471431193,-28.362692937850078 -65.70994614674242,-28.362688785158362 -65.7100748108296,-28.36239491132845 -65.71401113230999,-28.36282436536831 -65.7156303265027,-28.362943276205726 -65.71558868098023,-28.362869455369392 -65.71552886076877,-28.362763820724204 -65.71545676233774,-28.362682154659247 -65.71530391140918,-28.36236329991303 -65.71495003997664,-28.362060038007918 -65.7147832269018,-28.36196243018935 -65.71470296427759,-28.361824380430555 -65.71388749558822,-28.361114461261966 -65.7135168691005,-28.360380740412314 -65.7140265460817,-28.359892519948648 -65.71313985819629,-28.35931152150407 -65.7128509374926,-28.358761879966547 -65.71284582717423,-28.35874905545886 -65.71283023067144,-28.35868804495128 -65.71281971218694,-28.35859384032996 -65.71281440459867,-28.35851916163064 -65.71282778102744,-28.358421179785754 -65.71281185828892,-28.358197143680258 -65.71281088057978,-28.358016267320547 -65.71278499493533,-28.35784564481466 -65.71277305294542,-28.357662207696762 -65.71280715063006,-28.357280598131283 -65.71280770533478,-28.357243296109708 -65.7128290304695,-28.35716568308757 -65.71284554294414,-28.35710342408386 -65.71286400938864,-28.35703307727544 -65.71288498475265,-28.356978980734738 -65.7129068526813,-28.356926516683814 -65.7129176598786,-28.3568779792004 -65.71293032458404,-28.356827841221143 -65.71294950264443,-28.356771290594946 -65.71296403689512,-28.35671874120313 -65.7129929003792,-28.356627427944776 -65.7130294832269,-28.356510250767702 -65.71306469075192,-28.35636223752855 -65.71309134690756,-28.35629604123626 -65.71309903011726,-28.356272610061165 -65.71310916158845,-28.356207843618016 -65.71311175410852,-28.356095137280278 -65.71309992105604,-28.35602768213203 -65.7131002220523,-28.355945769182462 -65.7130967959937,-28.35586786814004 -65.71309848429183,-28.355815980326806 -65.71309295285499,-28.355684294130153 -65.71306056310965,-28.355580316515987 -65.71297247090642,-28.35545856278341 -65.71290775612366,-28.35539234858382 -65.71264547643905,-28.35518413022568 -65.71234626941043,-28.35502521332521 -65.71212530870761,-28.354903856428702 -65.7118372435928,-28.354774328213455 -65.7117121372365,-28.354670748974826 -65.71145885970746,-28.354457517146198 -65.71138303508883,-28.354397219275974 -65.71134746203542,-28.35431274249741 -65.71129844983892,-28.353988869256757 -65.71122801328264,-28.353545368237096 -65.71117127991556,-28.35298634237176 -65.71110260628582,-28.352865730148643 -65.71039476477097,-28.352077942583684 -65.71022239391463,-28.351750852533137 -65.71015180237309,-28.35146808704676 -65.71010915676092,-28.351177267127472 -65.71011015798369,-28.35075311731993 -65.7101386584198,-28.35034205376447 -65.71013621080859,-28.350315259998933 -65.71014517108058,-28.350252871291893 -65.71016678497891,-28.35020682026558 -65.71018848356634,-28.35007234104357 -65.7101972599957,-28.350026176195374 -65.71023329900453,-28.349921029991783 -65.71031170360821,-28.349718906384197 -65.71034486307508,-28.34964047139865 -65.71152748296554,-28.34774783428979 -65.71180438671453,-28.347532031996106 -65.71205644287106,-28.347229550399934 -65.71272539187764,-28.34642137532441 -65.71349612238656,-28.345430150813378 -65.71438408518804,-28.344383197211986 -65.71488401470498,-28.343632811227423 -65.71548924922796,-28.34297516654575 -65.71592869493752,-28.342304761968798 -65.71602605341647,-28.342160150667077 -65.71662683135875,-28.341263277570604 -65.71725860150035,-28.34037904562947 -65.71755028310801,-28.33992960990336 -65.71766485667416,-28.339738115263987 -65.71802521981226,-28.33898489750169 -65.71829454098648,-28.338614548122194 -65.71857169237713,-28.338290988024053 -65.7190880295946,-28.337548020630322 -65.71931366574057,-28.33724052580958 -65.7193951911758,-28.33711678674599 -65.71941407985837,-28.337085412235897 -65.71943475882858,-28.337056495870005 -65.71946193953583,-28.33702280223521 -65.71951958152144,-28.33697736132326 -65.71956795770787,-28.336937470699453 -65.7196285064504,-28.336883147134913 -65.71966950710043,-28.33684558824085 -65.71970966256183,-28.336803961914942 -65.71975646253787,-28.33674944873289 -65.71979289450265,-28.336711015659418 -65.71981626589046,-28.33668538096838 -65.71985570460747,-28.336632388571445 -65.71987280276718,-28.33659855585237 -65.7199077728116,-28.336539012607304 -65.71993058459455,-28.33649309134863 -65.71994603521928,-28.33644869091406 -65.71997098001039,-28.33638576483318 -65.7199781243387,-28.336344494500967 -65.719983149902,-28.33631941802697 -65.71998897518976,-28.33624892798966 -65.71998870125677,-28.336212422312347 -65.71998272537896,-28.336135280362964 -65.71997869948665,-28.336103589882754 -65.71923384853801,-28.33513728421761 -65.71890121711485,-28.334957267670937 -65.71866227609915,-28.334931931220357 -65.71858774973074,-28.334957963416 -65.71851513310364,-28.334987924390113 -65.71844469049597,-28.33502170510455 -65.71835608850083,-28.335064834034117 -65.71826526027576,-28.335104171056987 -65.71817241297124,-28.335139626456943 -65.71809174042832,-28.335165328569648 -65.71800909828394,-28.335185547100156 -65.7179249619231,-28.335200165744574 -65.71783981532658,-28.335209100411728 -65.71775414828701,-28.335212299706317 -65.71764636160303,-28.3352098406933 -65.71753893612289,-28.33520166145048 -65.71743225928529,-28.33518779147697 -65.71732671582852,-28.335168280796104 -65.71722268640264,-28.335143199774738 -65.71710326469545,-28.33510822549525 -65.71698583980222,-28.335068307735405 -65.7168706729641,-28.33502353530315 -65.71681556482318,-28.33499781343947 -65.71676348691348,-28.33496754994911 -65.71671491587486,-28.33493302181845 -65.71663945486422,-28.334869846751477 -65.71616610398279,-28.334442128757672 -65.71615838589223,-28.33443507680323 -65.71550147911377,-28.33458390457041 -65.71495486612712,-28.335002897284216 -65.71467752070639,-28.33504181455742 -65.71420217975127,-28.33520701217563 -65.71389760825697,-28.335390473033023 -65.71361895666682,-28.335482831048623 -65.71336595492244,-28.335489739752834 -65.71219852884738,-28.335184528524692 -65.70999303034928,-28.334561839091425 -65.70792221515119,-28.333999543153958 -65.68789988862375,-28.330502810760276 -65.68708104221078,-28.331556820418243 -65.68680759892739,-28.331729642215368 -65.68665044321668,-28.331983677997044 -65.68627674225654,-28.332219333655786 -65.68586228216398,-28.33214281428952 -65.68571822045595,-28.332109249298945 -65.68552177315453,-28.331947218204185 -65.68537827916155,-28.33123426230162 -65.68522315738845,-28.330705014328284 -65.68511861420261,-28.330432098786982 -65.68495897635259,-28.330222516701802 -65.68456744744921,-28.329802552164402 -65.68419308116721,-28.329446719750376 -65.683685840319,-28.328905577774577 -65.68333755771128,-28.328621968016776 -65.68296940370757,-28.328466023685728 -65.68238539388624,-28.328243742397383 -65.68207131983378,-28.32809638802563 -65.68171242764183,-28.32792455715446 -65.68110144158231,-28.327693978246497 -65.68028182308811,-28.32752502401667 -65.67978564717679,-28.327479550566153 -65.67949663342038,-28.327476340895995 -65.67855257452258,-28.327801554513453</coordinates>
                        </LinearRing>
                    </outerBoundaryIs>
                </Polygon>
            </Placemark>
        </Folder>
    </Document>
</kml>
